-- phpMyAdmin SQL Dump
-- version 5.0.2
-- https://www.phpmyadmin.net/
--
-- Host: 127.0.0.1
-- Generation Time: Feb 21, 2021 at 09:38 AM
-- Server version: 10.4.13-MariaDB
-- PHP Version: 7.4.7

SET SQL_MODE = "NO_AUTO_VALUE_ON_ZERO";
START TRANSACTION;
SET time_zone = "+00:00";


/*!40101 SET @OLD_CHARACTER_SET_CLIENT=@@CHARACTER_SET_CLIENT */;
/*!40101 SET @OLD_CHARACTER_SET_RESULTS=@@CHARACTER_SET_RESULTS */;
/*!40101 SET @OLD_COLLATION_CONNECTION=@@COLLATION_CONNECTION */;
/*!40101 SET NAMES utf8mb4 */;

--
-- Database: `eoffice_operational`
--

-- --------------------------------------------------------

--
-- Table structure for table `base_electric`
--

CREATE TABLE `base_electric` (
  `base_electric_id` int(7) NOT NULL,
  `base_electric_name` varchar(150) DEFAULT NULL
) ENGINE=InnoDB DEFAULT CHARSET=utf8;

--
-- Dumping data for table `base_electric`
--

INSERT INTO `base_electric` (`base_electric_id`, `base_electric_name`) VALUES
(1, 'หลอดไฟ'),
(2, 'เครื่องปรับอากาศ');

-- --------------------------------------------------------

--
-- Table structure for table `buildings`
--

CREATE TABLE `buildings` (
  `buildings_id` varchar(50) NOT NULL
) ENGINE=InnoDB DEFAULT CHARSET=utf8;

--
-- Dumping data for table `buildings`
--

INSERT INTO `buildings` (`buildings_id`) VALUES
('SC05'),
('SC06'),
('SC07'),
('SC08');

-- --------------------------------------------------------

--
-- Table structure for table `check`
--

CREATE TABLE `check` (
  `check_id` int(11) NOT NULL,
  `count_by` int(11) NOT NULL,
  `count_at` int(11) NOT NULL,
  `count_year` varchar(4) NOT NULL,
  `equipment_department` varchar(100) NOT NULL
) ENGINE=InnoDB DEFAULT CHARSET=utf8;

-- --------------------------------------------------------

--
-- Table structure for table `check_status`
--

CREATE TABLE `check_status` (
  `check_status_id` int(11) NOT NULL,
  `check_status_name` varchar(45) NOT NULL
) ENGINE=InnoDB DEFAULT CHARSET=utf8;

--
-- Dumping data for table `check_status`
--

INSERT INTO `check_status` (`check_status_id`, `check_status_name`) VALUES
(1, 'Not check'),
(2, 'Check');

-- --------------------------------------------------------

--
-- Table structure for table `cloud_request`
--

CREATE TABLE `cloud_request` (
  `id_cloud_request` int(7) NOT NULL,
  `firstname` varchar(100) NOT NULL,
  `lastname` varchar(100) NOT NULL,
  `student_code` varchar(11) NOT NULL,
  `email` varchar(100) NOT NULL,
  `purpose` text NOT NULL,
  `subject` varchar(100) DEFAULT NULL,
  `advisor_id` int(7) DEFAULT NULL,
  `spec_addtion` varchar(255) DEFAULT NULL,
  `RAM` varchar(50) DEFAULT NULL,
  `HDD` varchar(50) DEFAULT NULL,
  `status_advisor` int(2) DEFAULT NULL,
  `status_staff` int(2) DEFAULT NULL,
  `status_head_dept` int(2) DEFAULT NULL,
  `descripe_advisor` varchar(255) DEFAULT NULL,
  `descripe_staff` varchar(255) DEFAULT NULL,
  `request_role` varchar(100) DEFAULT NULL,
  `id_template_cloud` int(7) NOT NULL,
  `user_id` int(11) NOT NULL
) ENGINE=InnoDB DEFAULT CHARSET=utf8;

-- --------------------------------------------------------

--
-- Table structure for table `computer`
--

CREATE TABLE `computer` (
  `computer_id` int(7) NOT NULL,
  `equipment_department` varchar(100) NOT NULL COMMENT 'รหัสสครุพันภาควิชา\\n',
  `equipment_university` varchar(100) DEFAULT NULL COMMENT 'รหัสครุพันมหาลัย\\n',
  `status_com` int(11) NOT NULL DEFAULT 1,
  `check_status_id` int(11) NOT NULL DEFAULT 1,
  `computer_detail_id` int(3) NOT NULL
) ENGINE=InnoDB DEFAULT CHARSET=utf8;

--
-- Dumping data for table `computer`
--

INSERT INTO `computer` (`computer_id`, `equipment_department`, `equipment_university`, `status_com`, `check_status_id`, `computer_detail_id`) VALUES
(1059, 'คพ.02-001/58', NULL, 1, 1, 37),
(1060, 'คพ.02-002/58', NULL, 1, 1, 37),
(1061, 'คพ.02-003/58', NULL, 1, 1, 37),
(1062, 'คพ.02-004/58', NULL, 1, 1, 37),
(1063, 'คพ.02-005/58', NULL, 1, 1, 37),
(1064, 'คพ.02-006/58', NULL, 1, 1, 37),
(1065, 'คพ.02-007/58', NULL, 1, 1, 37),
(1066, 'คพ.02-008/58', NULL, 1, 1, 37),
(1067, 'คพ.02-009/58', NULL, 1, 1, 37),
(1068, 'คพ.02-010/58', NULL, 1, 1, 37),
(1069, 'คพ.02-011/58', NULL, 1, 1, 37),
(1070, 'คพ.02-012/58', NULL, 1, 1, 37),
(1071, 'คพ.02-013/58', NULL, 1, 1, 37),
(1072, 'คพ.02-014/58', NULL, 1, 1, 37),
(1073, 'คพ.02-015/58', NULL, 1, 1, 37),
(1074, 'คพ.02-016/58', NULL, 1, 1, 37),
(1075, 'คพ.02-017/58', NULL, 1, 1, 37),
(1076, 'คพ.02-018/58', NULL, 1, 1, 37),
(1077, 'คพ.02-019/58', NULL, 1, 1, 37),
(1078, 'คพ.02-020/58', NULL, 1, 1, 37),
(1079, 'คพ.02-021/58', NULL, 1, 1, 37),
(1080, 'คพ.02-022/58', NULL, 1, 1, 37),
(1081, 'คพ.02-023/58', NULL, 1, 1, 37),
(1082, 'คพ.02-024/58', NULL, 1, 1, 37),
(1083, 'คพ.02-025/58', NULL, 1, 1, 37),
(1084, 'คพ.02-026/58', NULL, 1, 1, 37),
(1085, 'คพ.02-027/58', NULL, 1, 1, 37),
(1086, 'คพ.02-028/58', NULL, 1, 1, 37),
(1087, 'คพ.02-029/58', NULL, 1, 1, 37),
(1088, 'คพ.02-030/58', NULL, 1, 1, 37),
(1089, 'คพ.02-031/58', NULL, 1, 1, 37),
(1090, 'คพ.02-032/58', NULL, 1, 1, 37),
(1091, 'คพ.02-033/58', NULL, 1, 1, 37),
(1092, 'คพ.02-034/58', NULL, 1, 1, 37),
(1093, 'คพ.02-035/58', NULL, 1, 1, 37),
(1094, 'คพ.02-036/58', NULL, 1, 1, 37),
(1095, 'คพ.02-037/58', NULL, 1, 1, 37),
(1096, 'คพ.02-038/58', NULL, 1, 1, 37),
(1097, 'คพ.02-039/58', NULL, 1, 1, 37),
(1098, 'คพ.02-040/58', NULL, 1, 1, 37),
(1099, 'คพ.02-041/58', NULL, 1, 1, 37),
(1100, 'คพ.02-042/58', NULL, 1, 1, 38),
(1101, 'คพ.02-043/58', NULL, 1, 1, 38),
(1102, 'คพ.02-044/58', NULL, 1, 1, 37),
(1103, 'คพ.02-045/58', NULL, 1, 1, 37),
(1104, 'คพ.02-046/58', NULL, 1, 1, 37),
(1105, 'คพ.02-047/58', NULL, 1, 1, 37),
(1106, 'คพ.02-048/58', NULL, 1, 1, 37),
(1107, 'คพ.02-049/58', NULL, 1, 1, 37),
(1108, 'คพ.02-050/58', NULL, 1, 1, 37),
(1109, 'คพ.02-051/58', NULL, 1, 1, 37),
(1110, 'คพ.02-052/58', NULL, 1, 1, 37),
(1111, 'คพ.02-053/58', NULL, 1, 1, 37),
(1112, 'คพ.02-054/58', NULL, 1, 1, 37),
(1113, 'คพ.02-055/58', NULL, 1, 1, 37),
(1114, 'คพ.02-056/58', NULL, 1, 1, 37),
(1115, 'คพ.02-057/58', NULL, 1, 1, 37),
(1116, 'คพ.02-058/58', NULL, 1, 1, 37),
(1117, 'คพ.02-059/58', NULL, 1, 1, 37),
(1118, 'คพ.02-060/58', NULL, 1, 1, 37),
(1119, 'คพ.02-061/58', NULL, 1, 1, 37),
(1120, 'คพ.02-062/58', NULL, 1, 1, 37),
(1121, 'คพ.02-063/58', NULL, 1, 1, 37),
(1122, 'คพ.02-064/58', NULL, 1, 1, 37),
(1123, 'คพ.02-065/58', NULL, 1, 1, 37),
(1124, 'คพ.02-011/61', NULL, 1, 1, 38),
(1125, 'คพ.02-012/61', NULL, 1, 1, 38),
(1126, 'คพ.02-013/61', NULL, 1, 1, 38),
(1127, 'คพ.02-014/61', NULL, 1, 1, 38),
(1128, 'คพ.02-015/61', NULL, 1, 1, 38),
(1129, 'คพ.02-016/61', NULL, 1, 1, 38),
(1130, 'คพ.02-017/61', NULL, 1, 1, 38),
(1131, 'คพ.02-018/61', NULL, 1, 1, 38),
(1132, 'คพ.02-019/61', NULL, 1, 1, 38),
(1133, 'คพ.02-020/61', NULL, 1, 1, 38),
(1134, 'คพ.02-021/61', NULL, 1, 1, 38),
(1135, 'คพ.02-022/61', NULL, 1, 1, 38),
(1136, 'คพ.02-023/61', NULL, 1, 1, 38),
(1137, 'คพ.02-024/61', NULL, 1, 1, 38),
(1138, 'คพ.02-025/61', NULL, 1, 1, 38),
(1139, 'คพ.02-026/61', NULL, 1, 1, 38),
(1140, 'คพ.02-027/61', NULL, 1, 1, 38),
(1141, 'คพ.02-028/61', NULL, 1, 1, 38),
(1142, 'คพ.02-029/61', NULL, 1, 1, 38),
(1143, 'คพ.02-030/61', NULL, 1, 1, 38),
(1144, 'คพ.02-031/61', NULL, 1, 1, 38),
(1145, 'คพ.02-032/61', NULL, 1, 1, 38),
(1146, 'คพ.02-033/61', NULL, 1, 1, 38),
(1147, 'คพ.02-034/61', NULL, 1, 1, 38),
(1148, 'คพ.02-035/61', NULL, 1, 1, 38),
(1149, 'คพ.02-036/61', NULL, 1, 1, 38),
(1150, 'คพ.02-037/61', NULL, 1, 1, 38),
(1151, 'คพ.02-038/61', NULL, 1, 1, 38),
(1152, 'คพ.02-039/61', NULL, 1, 1, 38),
(1153, 'คพ.02-040/61', NULL, 1, 1, 37),
(1154, 'คพ.02-041/61', NULL, 1, 1, 37),
(1155, 'คพ.02-042/61', NULL, 1, 1, 37),
(1156, 'คพ.02-043/61', NULL, 1, 1, 37),
(1157, 'คพ.02-044/61', NULL, 1, 1, 38),
(1158, 'คพ.02-045/61', NULL, 1, 1, 38),
(1159, 'คพ.02-046/61', NULL, 1, 1, 38),
(1160, 'คพ.02-047/61', NULL, 1, 1, 38),
(1161, 'คพ.02-048/61', NULL, 1, 1, 38),
(1162, 'คพ.02-049/61', NULL, 1, 1, 38),
(1163, 'คพ.02-050/61', NULL, 1, 1, 38),
(1164, 'คพ.02-051/61', NULL, 1, 1, 38),
(1165, 'คพ.02-052/61', NULL, 1, 1, 38),
(1166, 'คพ.02-053/61', NULL, 1, 1, 38),
(1167, 'คพ.02-054/61', NULL, 1, 1, 38),
(1168, 'คพ.02-055/61', NULL, 1, 1, 38),
(1169, 'คพ.02-056/61', NULL, 1, 1, 38),
(1170, 'คพ.02-057/61', NULL, 1, 1, 38),
(1171, 'คพ.02-058/61', NULL, 1, 1, 38),
(1172, 'คพ.02-059/61', NULL, 1, 1, 38),
(1173, 'คพ.02-060/61', NULL, 1, 1, 38),
(1174, 'คพ.02-061/61', NULL, 1, 1, 38),
(1175, 'คพ.02-062/61', NULL, 1, 1, 38),
(1176, 'คพ.02-063/61', NULL, 1, 1, 38),
(1177, 'คพ.02-064/61', NULL, 1, 1, 38),
(1178, 'คพ.02-065/61', NULL, 1, 1, 38),
(1179, 'คพ.02-066/61', NULL, 1, 1, 38),
(1180, 'คพ.02-067/61', NULL, 1, 1, 38),
(1181, 'คพ.02-068/61', NULL, 1, 1, 38),
(1182, 'คพ.02-069/61', NULL, 1, 1, 38),
(1183, 'คพ.02-070/61', NULL, 1, 1, 38),
(1184, 'คพ.02-071/61', NULL, 1, 1, 38),
(1185, 'คพ.02-072/61', NULL, 1, 1, 38),
(1186, 'คพ.02-073/61', NULL, 1, 1, 38),
(1187, 'คพ.02-074/61', NULL, 1, 1, 38),
(1188, 'คพ.02-075/61', NULL, 1, 1, 38),
(1189, 'คพ.02-076/61', NULL, 1, 1, 38),
(1190, 'คพ.02-077/61', NULL, 1, 1, 38),
(1191, 'คพ.02-078/61', NULL, 1, 1, 38),
(1192, 'คพ.02-079/61', NULL, 1, 1, 38),
(1193, 'คพ.02-080/61', NULL, 1, 1, 38),
(1194, 'คพ.02-081/61', NULL, 1, 1, 38),
(1195, 'คพ.02-082/61', NULL, 1, 1, 38),
(1196, 'คพ.02-083/61', NULL, 1, 1, 38),
(1197, 'คพ.02-084/61', NULL, 1, 1, 38),
(1198, 'คพ.02-085/61', NULL, 1, 1, 38),
(1199, 'คพ.02-086/61', NULL, 1, 1, 38),
(1200, 'คพ.02-087/61', NULL, 1, 1, 38),
(1201, 'คพ.02-088/61', NULL, 1, 1, 38),
(1202, 'คพ.02-089/61', NULL, 1, 1, 38),
(1203, 'คพ.02-090/61', NULL, 1, 1, 38),
(1204, 'คพ.02-091/61', NULL, 1, 1, 38),
(1205, 'คพ.02-092/61', NULL, 1, 1, 38),
(1206, 'คพ.02-093/61', NULL, 1, 1, 38),
(1207, 'คพ.02-094/61', NULL, 1, 1, 38),
(1208, 'คพ.02-095/61', NULL, 1, 1, 38),
(1209, 'คพ.02-096/61', NULL, 1, 1, 38),
(1210, 'คพ.02-097/61', NULL, 1, 1, 38),
(1211, 'คพ.02-098/61', NULL, 1, 1, 38),
(1212, 'คพ.02-099/61', NULL, 1, 1, 38),
(1213, 'คพ.02-100/61', NULL, 1, 1, 38),
(1214, 'คพ.02-101/61', NULL, 1, 1, 38),
(1215, 'คพ.02-102/61', NULL, 1, 1, 38),
(1216, 'คพ.02-103/61', NULL, 1, 1, 38),
(1217, 'คพ.02-104/61', NULL, 1, 1, 38),
(1218, 'คพ.02-105/61', NULL, 1, 1, 38),
(1219, 'คพ.02-106/61', NULL, 1, 1, 38),
(1220, 'คพ.02-107/61', NULL, 1, 1, 38),
(1221, 'คพ.02-108/61', NULL, 1, 1, 38),
(1222, 'คพ.02-109/61', NULL, 1, 1, 38),
(1223, 'คพ.02-110/61', NULL, 1, 1, 38),
(1224, 'คพ.02-111/61', NULL, 1, 1, 38),
(1225, 'คพ.02-112/61', NULL, 1, 1, 38),
(1226, 'คพ.02-113/61', NULL, 1, 1, 38),
(1227, 'คพ.02-114/61', NULL, 1, 1, 38),
(1228, 'คพ.02-115/61', NULL, 1, 1, 38),
(1229, 'คพ.02-116/61', NULL, 1, 1, 38),
(1230, 'คพ.02-117/61', NULL, 1, 1, 38),
(1231, 'คพ.02-118/61', NULL, 1, 1, 38),
(1232, 'คพ.02-119/61', NULL, 1, 1, 38),
(1233, 'คพ.02-120/61', NULL, 1, 1, 38),
(1234, 'คพ.02-121/61', NULL, 1, 1, 38),
(1235, 'คพ.02-122/61', NULL, 1, 1, 38),
(1236, 'คพ.02-123/61', NULL, 1, 1, 38),
(1237, 'คพ.02-124/61', NULL, 1, 1, 38),
(1238, 'คพ.02-125/61', NULL, 1, 1, 38),
(1239, 'คพ.02-126/61', NULL, 1, 1, 38),
(1240, 'คพ.02-127/61', NULL, 1, 1, 38),
(1241, 'คพ.02-128/61', NULL, 1, 1, 38),
(1242, 'คพ.02-129/61', NULL, 1, 1, 38),
(1243, 'คพ.02-130/61', NULL, 1, 1, 38);

-- --------------------------------------------------------

--
-- Table structure for table `computer_detail`
--

CREATE TABLE `computer_detail` (
  `computer_detail_id` int(7) NOT NULL,
  `year_computer` varchar(4) DEFAULT NULL,
  `spec_computer` text DEFAULT NULL,
  `brand_computer` varchar(100) DEFAULT NULL,
  `start_equipment_department` varchar(100) DEFAULT NULL,
  `quantity_computer` int(5) DEFAULT NULL,
  `watt_computer` int(7) DEFAULT NULL,
  `warranty` int(11) DEFAULT NULL,
  `type_id` int(11) NOT NULL
) ENGINE=InnoDB DEFAULT CHARSET=utf8;

--
-- Dumping data for table `computer_detail`
--

INSERT INTO `computer_detail` (`computer_detail_id`, `year_computer`, `spec_computer`, `brand_computer`, `start_equipment_department`, `quantity_computer`, `watt_computer`, `warranty`, `type_id`) VALUES
(37, '2558', 'Core i5-4590 Gen 4  3.3 GHz  RAM16  HD 1TB \r\nจอ 18.5 นิ้ว', 'MSI GL65 LEOPARD', 'คพ.02-001/58', 65, 650, 1689407858, 1),
(38, '2561', 'Core i7-7700 CPU 3.60GHz  3.6 GHz  RAM16  HD 1TB \r\nจอ 21.5 นิ้ว', 'HP Prodesk 400G4 MT', 'คพ.02-011/61', 120, 700, 1657871883, 1);

-- --------------------------------------------------------

--
-- Table structure for table `computer_to_layout`
--

CREATE TABLE `computer_to_layout` (
  `row` int(3) DEFAULT NULL,
  `col` int(3) DEFAULT NULL,
  `number_computer` int(4) DEFAULT NULL,
  `number_desk` int(4) DEFAULT NULL,
  `layout_id` int(5) NOT NULL,
  `computer_id` int(7) NOT NULL
) ENGINE=InnoDB DEFAULT CHARSET=utf8;

--
-- Dumping data for table `computer_to_layout`
--

INSERT INTO `computer_to_layout` (`row`, `col`, `number_computer`, `number_desk`, `layout_id`, `computer_id`) VALUES
(-1, -1, NULL, NULL, 1, 1125),
(0, 0, 1, 1, 1, 1127),
(0, 1, 2, 2, 1, 1128),
(0, 3, 3, 3, 1, 1129),
(0, 4, 4, 4, 1, 1130),
(0, 6, 5, 5, 1, 1131),
(1, 0, 6, 6, 1, 1132),
(1, 1, 7, 7, 1, 1133),
(1, 3, 8, 8, 1, 1134),
(1, 4, 9, 9, 1, 1135),
(1, 6, 10, 10, 1, 1136),
(2, 0, 11, 11, 1, 1137),
(2, 1, 12, 12, 1, 1138),
(2, 3, 13, 13, 1, 1139),
(2, 4, 14, 14, 1, 1140),
(2, 6, 15, 15, 1, 1141),
(3, 0, 16, 16, 1, 1142),
(3, 1, 17, 17, 1, 1143),
(3, 3, 18, 18, 1, 1144),
(3, 4, 19, 19, 1, 1145),
(3, 6, 20, 20, 1, 1146),
(4, 0, 21, 21, 1, 1147),
(4, 1, 22, 22, 1, 1148),
(4, 6, 23, 25, 1, 1149),
(5, 0, 24, 26, 1, 1150),
(5, 1, 25, 27, 1, 1151),
(-1, -1, NULL, NULL, 2, 1152),
(0, 0, 1, 1, 2, 1153),
(0, 1, 2, 2, 2, 1154),
(0, 3, 3, 3, 2, 1155),
(0, 4, 4, 4, 2, 1157),
(0, 6, 5, 5, 3, 1158);

-- --------------------------------------------------------

--
-- Table structure for table `electric_device`
--

CREATE TABLE `electric_device` (
  `electric_device_id` int(11) NOT NULL,
  `name_device` varchar(150) NOT NULL,
  `watt` int(7) NOT NULL,
  `quantity_device` int(4) NOT NULL,
  `rooms_id` int(5) NOT NULL,
  `equipment_department` varchar(100) NOT NULL,
  `equipment_university` varchar(100) DEFAULT NULL,
  `status_electric_device` int(11) NOT NULL DEFAULT 1,
  `check_status_id` int(11) NOT NULL DEFAULT 1,
  `electric_device_detail_ID` int(11) NOT NULL
) ENGINE=InnoDB DEFAULT CHARSET=utf8;

--
-- Dumping data for table `electric_device`
--

INSERT INTO `electric_device` (`electric_device_id`, `name_device`, `watt`, `quantity_device`, `rooms_id`, `equipment_department`, `equipment_university`, `status_electric_device`, `check_status_id`, `electric_device_detail_ID`) VALUES
(10, 'คอมครับ', 20, 2, 28, 'คส.02-001/63', NULL, 1, 1, 1),
(12, 'PC', 20, 2, 28, 'คส.02-002/63', NULL, 1, 1, 1),
(13, 'โปรเจคเตอร์', 120, 2, 28, 'คส.02-003/63', NULL, 1, 1, 1),
(14, 'เครื่องปริ้น', 20, 1, 30, 'คส.02-004/63', NULL, 1, 1, 1),
(16, 'เครื่องปริ้น', 20, 1, 30, 'คส.02-005/63', NULL, 3, 1, 1),
(17, 'SCREEN', 20, 2, 30, 'คส.02-006/63', NULL, 1, 1, 1),
(18, 'PRINTER', 20, 1, 29, 'คส.02-007/63', NULL, 2, 1, 1),
(19, 'ทีวี', 50, 5, 29, 'คส.02-008/63', NULL, 1, 1, 2),
(20, 'ทีวี', 50, 5, 29, 'คส.02-009/63', NULL, 1, 1, 2),
(21, 'พัดลม', 20, 2, 29, 'คส.02-010/63', NULL, 4, 1, 1),
(22, 'พัดลม', 50, 2, 28, 'คส.02-011/63', NULL, 1, 1, 2);

-- --------------------------------------------------------

--
-- Table structure for table `electric_device_detail`
--

CREATE TABLE `electric_device_detail` (
  `electric_device_detail_ID` int(11) NOT NULL,
  `year_electric_device` varchar(4) DEFAULT NULL,
  `spec_electric_device` text DEFAULT NULL,
  `brand_electric_device` varchar(100) DEFAULT NULL,
  `start_equipment_department` varchar(100) DEFAULT NULL,
  `quantity_electric_device` int(5) DEFAULT NULL,
  `warranty` int(11) DEFAULT NULL,
  `type_id` int(11) NOT NULL
) ENGINE=InnoDB DEFAULT CHARSET=utf8;

--
-- Dumping data for table `electric_device_detail`
--

INSERT INTO `electric_device_detail` (`electric_device_detail_ID`, `year_electric_device`, `spec_electric_device`, `brand_electric_device`, `start_equipment_department`, `quantity_electric_device`, `warranty`, `type_id`) VALUES
(1, '2559', 'Projector 1080p', 'Acer', 'คส.02-001/63', 20, 1634284717, 2),
(2, '2560', 'Bravia 42\" 4k', 'Sony', 'คส.02-001/60', 50, 1657871883, 3);

-- --------------------------------------------------------

--
-- Table structure for table `electric_estimation`
--

CREATE TABLE `electric_estimation` (
  `es_id` int(11) NOT NULL,
  `rooms_id` int(5) NOT NULL,
  `DATE` varchar(10) NOT NULL,
  `Unit` float(9,4) NOT NULL
) ENGINE=InnoDB DEFAULT CHARSET=utf8;

--
-- Dumping data for table `electric_estimation`
--

INSERT INTO `electric_estimation` (`es_id`, `rooms_id`, `DATE`, `Unit`) VALUES
(9725, 28, '2540-08-03', 3.2000),
(9726, 28, '2540-08-04', 3.5200),
(9727, 28, '2540-08-05', 2.5600),
(9728, 28, '2540-08-06', 0.0000),
(9729, 28, '2540-08-07', 0.0000),
(9730, 28, '2540-08-08', 2.8800),
(9731, 28, '2540-08-09', 2.8800),
(9732, 28, '2540-08-10', 3.2000),
(9733, 28, '2540-08-11', 3.5200),
(9734, 28, '2540-08-12', 2.5600),
(9735, 28, '2540-08-13', 0.0000),
(9736, 28, '2540-08-14', 0.0000),
(9737, 28, '2540-08-15', 2.8800),
(9738, 28, '2540-08-16', 2.8800),
(9739, 28, '2540-08-17', 3.2000),
(9740, 28, '2540-08-18', 3.5200),
(9741, 28, '2540-08-19', 2.5600),
(9742, 28, '2540-08-20', 0.0000),
(9743, 28, '2540-08-21', 0.0000),
(9744, 28, '2540-08-22', 2.8800),
(9745, 28, '2540-08-23', 2.8800),
(9746, 28, '2540-08-24', 3.2000),
(9747, 28, '2540-08-25', 3.5200),
(9748, 28, '2540-08-26', 2.5600),
(9749, 28, '2540-08-27', 0.0000),
(9750, 28, '2540-08-28', 0.0000),
(9751, 28, '2540-08-29', 2.8800),
(9752, 28, '2540-08-30', 2.8800),
(9753, 28, '2540-08-31', 3.2000),
(9754, 28, '2540-09-01', 3.5200),
(9755, 28, '2540-09-02', 2.5600),
(9756, 28, '2540-09-03', 0.0000),
(9757, 28, '2540-09-04', 0.0000),
(9758, 28, '2540-09-05', 2.8800),
(9759, 28, '2540-09-06', 2.8800),
(9760, 28, '2540-09-07', 3.2000),
(9761, 28, '2540-09-08', 3.5200),
(9762, 28, '2540-09-09', 2.5600),
(9763, 28, '2540-09-10', 0.0000),
(9764, 28, '2540-09-11', 0.0000),
(9765, 28, '2540-09-12', 2.8800),
(9766, 28, '2540-09-13', 2.8800),
(9767, 28, '2540-09-14', 3.2000),
(9768, 28, '2540-09-15', 3.5200),
(9769, 28, '2540-09-16', 2.5600),
(9770, 28, '2540-09-17', 0.0000),
(9771, 28, '2540-09-18', 0.0000),
(9772, 28, '2540-09-19', 2.8800),
(9773, 28, '2540-09-20', 2.8800),
(9774, 28, '2540-09-21', 3.2000),
(9775, 28, '2540-09-22', 3.5200),
(9776, 28, '2540-09-23', 2.5600),
(9777, 28, '2540-09-24', 0.0000),
(9778, 28, '2540-09-25', 0.0000),
(9779, 28, '2540-09-26', 2.8800),
(9780, 28, '2540-09-27', 2.8800),
(9781, 28, '2540-09-28', 3.2000),
(9782, 28, '2540-09-29', 3.5200),
(9783, 28, '2540-09-30', 2.5600),
(9784, 28, '2540-10-01', 0.0000),
(9785, 28, '2540-10-02', 0.0000),
(9786, 28, '2540-10-03', 2.8800),
(9787, 28, '2540-10-04', 2.8800),
(9788, 28, '2540-10-05', 3.2000),
(9789, 28, '2540-10-06', 3.5200),
(9790, 28, '2540-10-07', 2.5600),
(9791, 28, '2540-10-08', 0.0000),
(9792, 28, '2540-10-09', 0.0000),
(9793, 28, '2540-10-10', 2.8800),
(9794, 28, '2540-10-11', 2.8800),
(9795, 28, '2540-10-12', 3.2000),
(9796, 28, '2540-10-13', 3.5200),
(9797, 28, '2540-10-14', 2.5600),
(9798, 28, '2540-10-15', 0.0000),
(9799, 28, '2540-10-16', 0.0000),
(9800, 28, '2540-10-17', 2.8800),
(9801, 28, '2540-10-18', 2.8800),
(9802, 28, '2540-10-19', 3.2000),
(9803, 28, '2540-10-20', 3.5200),
(9804, 28, '2540-10-21', 2.5600),
(9805, 28, '2540-10-22', 0.0000),
(9806, 28, '2540-10-23', 0.0000),
(9807, 28, '2540-10-24', 2.8800),
(9808, 28, '2540-10-25', 2.8800),
(9809, 28, '2540-10-26', 3.2000),
(9810, 28, '2540-10-27', 3.5200),
(9811, 28, '2540-10-28', 2.5600),
(9812, 28, '2540-10-29', 0.0000),
(9813, 28, '2540-10-30', 0.0000),
(9814, 28, '2540-10-31', 2.8800),
(9815, 28, '2540-11-01', 2.8800),
(9816, 28, '2540-11-02', 3.2000),
(9817, 28, '2540-11-03', 3.5200),
(9818, 28, '2540-11-04', 2.5600),
(9819, 28, '2540-11-05', 0.0000),
(9820, 28, '2540-11-06', 0.0000),
(9821, 28, '2540-11-07', 2.8800),
(9822, 28, '2540-11-08', 2.8800),
(9823, 28, '2540-11-09', 3.2000),
(9824, 28, '2540-11-10', 3.5200),
(9825, 28, '2540-11-11', 2.5600),
(9826, 28, '2540-11-12', 0.0000),
(9827, 28, '2540-11-13', 0.0000),
(9828, 28, '2540-11-14', 2.8800),
(9829, 28, '2540-11-15', 2.8800),
(9830, 28, '2540-11-16', 3.2000),
(9831, 28, '2540-11-17', 3.5200),
(9832, 28, '2540-11-18', 2.5600),
(9833, 28, '2540-11-19', 0.0000),
(9834, 28, '2540-11-20', 0.0000),
(9835, 28, '2540-11-21', 2.8800),
(9836, 28, '2540-11-22', 2.8800),
(9837, 28, '2540-11-23', 3.2000),
(9838, 28, '2540-11-24', 3.5200),
(9839, 28, '2540-11-25', 2.5600),
(9840, 28, '2540-11-26', 0.0000),
(9841, 28, '2540-11-27', 0.0000),
(9842, 28, '2540-11-28', 2.8800),
(9843, 28, '2540-11-29', 2.8800),
(9844, 28, '2540-11-30', 3.2000),
(9845, 28, '2540-12-01', 3.5200),
(9846, 28, '2540-12-02', 2.5600),
(9847, 28, '2540-12-03', 0.0000),
(9848, 28, '2540-12-04', 0.0000),
(9849, 28, '2540-12-05', 2.8800),
(9850, 28, '2540-12-06', 2.8800),
(9851, 28, '2540-12-07', 3.2000),
(9852, 28, '2540-12-08', 3.5200),
(9853, 28, '2540-12-09', 2.5600),
(9854, 28, '2540-12-10', 0.0000),
(9855, 28, '2540-12-11', 0.0000),
(9856, 28, '2540-12-12', 2.8800),
(9857, 28, '2540-12-13', 2.8800),
(9858, 28, '2540-12-14', 3.2000),
(9859, 28, '2540-12-15', 3.5200),
(9860, 28, '2540-12-16', 2.5600),
(9861, 28, '2540-12-17', 0.0000),
(9862, 28, '2540-12-18', 0.0000),
(9863, 28, '2540-12-19', 2.8800),
(9864, 28, '2540-12-20', 2.8800),
(9865, 28, '2540-12-21', 3.2000),
(9866, 28, '2540-12-22', 3.5200),
(9867, 28, '2540-12-23', 2.5600),
(9868, 28, '2540-12-24', 0.0000),
(9869, 28, '2540-12-25', 0.0000),
(9870, 28, '2540-12-26', 2.8800),
(9871, 28, '2540-12-27', 2.8800),
(9872, 28, '2540-12-28', 3.2000),
(9873, 29, '2540-08-03', 0.1600),
(9874, 29, '2540-08-04', 0.4800),
(9875, 29, '2540-08-05', 0.4800),
(9876, 29, '2540-08-06', 0.0000),
(9877, 29, '2540-08-07', 0.0000),
(9878, 29, '2540-08-08', 0.1600),
(9879, 29, '2540-08-09', 0.4800),
(9880, 29, '2540-08-10', 0.1600),
(9881, 29, '2540-08-11', 0.4800),
(9882, 29, '2540-08-12', 0.4800),
(9883, 29, '2540-08-13', 0.0000),
(9884, 29, '2540-08-14', 0.0000),
(9885, 29, '2540-08-15', 0.1600),
(9886, 29, '2540-08-16', 0.4800),
(9887, 29, '2540-08-17', 0.1600),
(9888, 29, '2540-08-18', 0.4800),
(9889, 29, '2540-08-19', 0.4800),
(9890, 29, '2540-08-20', 0.0000),
(9891, 29, '2540-08-21', 0.0000),
(9892, 29, '2540-08-22', 0.1600),
(9893, 29, '2540-08-23', 0.4800),
(9894, 29, '2540-08-24', 0.1600),
(9895, 29, '2540-08-25', 0.4800),
(9896, 29, '2540-08-26', 0.4800),
(9897, 29, '2540-08-27', 0.0000),
(9898, 29, '2540-08-28', 0.0000),
(9899, 29, '2540-08-29', 0.1600),
(9900, 29, '2540-08-30', 0.4800),
(9901, 29, '2540-08-31', 0.1600),
(9902, 29, '2540-09-01', 0.4800),
(9903, 29, '2540-09-02', 0.4800),
(9904, 29, '2540-09-03', 0.0000),
(9905, 29, '2540-09-04', 0.0000),
(9906, 29, '2540-09-05', 0.1600),
(9907, 29, '2540-09-06', 0.4800),
(9908, 29, '2540-09-07', 0.1600),
(9909, 29, '2540-09-08', 0.4800),
(9910, 29, '2540-09-09', 0.4800),
(9911, 29, '2540-09-10', 0.0000),
(9912, 29, '2540-09-11', 0.0000),
(9913, 29, '2540-09-12', 0.1600),
(9914, 29, '2540-09-13', 0.4800),
(9915, 29, '2540-09-14', 0.1600),
(9916, 29, '2540-09-15', 0.4800),
(9917, 29, '2540-09-16', 0.4800),
(9918, 29, '2540-09-17', 0.0000),
(9919, 29, '2540-09-18', 0.0000),
(9920, 29, '2540-09-19', 0.1600),
(9921, 29, '2540-09-20', 0.4800),
(9922, 29, '2540-09-21', 0.1600),
(9923, 29, '2540-09-22', 0.4800),
(9924, 29, '2540-09-23', 0.4800),
(9925, 29, '2540-09-24', 0.0000),
(9926, 29, '2540-09-25', 0.0000),
(9927, 29, '2540-09-26', 0.1600),
(9928, 29, '2540-09-27', 0.4800),
(9929, 29, '2540-09-28', 0.1600),
(9930, 29, '2540-09-29', 0.4800),
(9931, 29, '2540-09-30', 0.4800),
(9932, 29, '2540-10-01', 0.0000),
(9933, 29, '2540-10-02', 0.0000),
(9934, 29, '2540-10-03', 0.1600),
(9935, 29, '2540-10-04', 0.4800),
(9936, 29, '2540-10-05', 0.1600),
(9937, 29, '2540-10-06', 0.4800),
(9938, 29, '2540-10-07', 0.4800),
(9939, 29, '2540-10-08', 0.0000),
(9940, 29, '2540-10-09', 0.0000),
(9941, 29, '2540-10-10', 0.1600),
(9942, 29, '2540-10-11', 0.4800),
(9943, 29, '2540-10-12', 0.1600),
(9944, 29, '2540-10-13', 0.4800),
(9945, 29, '2540-10-14', 0.4800),
(9946, 29, '2540-10-15', 0.0000),
(9947, 29, '2540-10-16', 0.0000),
(9948, 29, '2540-10-17', 0.1600),
(9949, 29, '2540-10-18', 0.4800),
(9950, 29, '2540-10-19', 0.1600),
(9951, 29, '2540-10-20', 0.4800),
(9952, 29, '2540-10-21', 0.4800),
(9953, 29, '2540-10-22', 0.0000),
(9954, 29, '2540-10-23', 0.0000),
(9955, 29, '2540-10-24', 0.1600),
(9956, 29, '2540-10-25', 0.4800),
(9957, 29, '2540-10-26', 0.1600),
(9958, 29, '2540-10-27', 0.4800),
(9959, 29, '2540-10-28', 0.4800),
(9960, 29, '2540-10-29', 0.0000),
(9961, 29, '2540-10-30', 0.0000),
(9962, 29, '2540-10-31', 0.1600),
(9963, 29, '2540-11-01', 0.4800),
(9964, 29, '2540-11-02', 0.1600),
(9965, 29, '2540-11-03', 0.4800),
(9966, 29, '2540-11-04', 0.4800),
(9967, 29, '2540-11-05', 0.0000),
(9968, 29, '2540-11-06', 0.0000),
(9969, 29, '2540-11-07', 0.1600),
(9970, 29, '2540-11-08', 0.4800),
(9971, 29, '2540-11-09', 0.1600),
(9972, 29, '2540-11-10', 0.4800),
(9973, 29, '2540-11-11', 0.4800),
(9974, 29, '2540-11-12', 0.0000),
(9975, 29, '2540-11-13', 0.0000),
(9976, 29, '2540-11-14', 0.1600),
(9977, 29, '2540-11-15', 0.4800),
(9978, 29, '2540-11-16', 0.1600),
(9979, 29, '2540-11-17', 0.4800),
(9980, 29, '2540-11-18', 0.4800),
(9981, 29, '2540-11-19', 0.0000),
(9982, 29, '2540-11-20', 0.0000),
(9983, 29, '2540-11-21', 0.1600),
(9984, 29, '2540-11-22', 0.4800),
(9985, 29, '2540-11-23', 0.1600),
(9986, 29, '2540-11-24', 0.4800),
(9987, 29, '2540-11-25', 0.4800),
(9988, 29, '2540-11-26', 0.0000),
(9989, 29, '2540-11-27', 0.0000),
(9990, 29, '2540-11-28', 0.1600),
(9991, 29, '2540-11-29', 0.4800),
(9992, 29, '2540-11-30', 0.1600),
(9993, 29, '2540-12-01', 0.4800),
(9994, 29, '2540-12-02', 0.4800),
(9995, 29, '2540-12-03', 0.0000),
(9996, 29, '2540-12-04', 0.0000),
(9997, 29, '2540-12-05', 0.1600),
(9998, 29, '2540-12-06', 0.4800),
(9999, 29, '2540-12-07', 0.1600),
(10000, 29, '2540-12-08', 0.4800),
(10001, 29, '2540-12-09', 0.4800),
(10002, 29, '2540-12-10', 0.0000),
(10003, 29, '2540-12-11', 0.0000),
(10004, 29, '2540-12-12', 0.1600),
(10005, 29, '2540-12-13', 0.4800),
(10006, 29, '2540-12-14', 0.1600),
(10007, 29, '2540-12-15', 0.4800),
(10008, 29, '2540-12-16', 0.4800),
(10009, 29, '2540-12-17', 0.0000),
(10010, 29, '2540-12-18', 0.0000),
(10011, 29, '2540-12-19', 0.1600),
(10012, 29, '2540-12-20', 0.4800),
(10013, 29, '2540-12-21', 0.1600),
(10014, 29, '2540-12-22', 0.4800),
(10015, 29, '2540-12-23', 0.4800),
(10016, 29, '2540-12-24', 0.0000),
(10017, 29, '2540-12-25', 0.0000),
(10018, 29, '2540-12-26', 0.1600),
(10019, 29, '2540-12-27', 0.4800),
(10020, 29, '2540-12-28', 0.1600),
(10021, 30, '2540-08-03', 0.2000),
(10022, 30, '2540-08-04', 0.2000),
(10023, 30, '2540-08-05', 0.1200),
(10024, 30, '2540-08-06', 0.0000),
(10025, 30, '2540-08-07', 0.0000),
(10026, 30, '2540-08-08', 0.1200),
(10027, 30, '2540-08-09', 0.1800),
(10028, 30, '2540-08-10', 0.2000),
(10029, 30, '2540-08-11', 0.2000),
(10030, 30, '2540-08-12', 0.1200),
(10031, 30, '2540-08-13', 0.0000),
(10032, 30, '2540-08-14', 0.0000),
(10033, 30, '2540-08-15', 0.1200),
(10034, 30, '2540-08-16', 0.1800),
(10035, 30, '2540-08-17', 0.2000),
(10036, 30, '2540-08-18', 0.2000),
(10037, 30, '2540-08-19', 0.1200),
(10038, 30, '2540-08-20', 0.0000),
(10039, 30, '2540-08-21', 0.0000),
(10040, 30, '2540-08-22', 0.1200),
(10041, 30, '2540-08-23', 0.1800),
(10042, 30, '2540-08-24', 0.2000),
(10043, 30, '2540-08-25', 0.2000),
(10044, 30, '2540-08-26', 0.1200),
(10045, 30, '2540-08-27', 0.0000),
(10046, 30, '2540-08-28', 0.0000),
(10047, 30, '2540-08-29', 0.1200),
(10048, 30, '2540-08-30', 0.1800),
(10049, 30, '2540-08-31', 0.2000),
(10050, 30, '2540-09-01', 0.2000),
(10051, 30, '2540-09-02', 0.1200),
(10052, 30, '2540-09-03', 0.0000),
(10053, 30, '2540-09-04', 0.0000),
(10054, 30, '2540-09-05', 0.1200),
(10055, 30, '2540-09-06', 0.1800),
(10056, 30, '2540-09-07', 0.2000),
(10057, 30, '2540-09-08', 0.2000),
(10058, 30, '2540-09-09', 0.1200),
(10059, 30, '2540-09-10', 0.0000),
(10060, 30, '2540-09-11', 0.0000),
(10061, 30, '2540-09-12', 0.1200),
(10062, 30, '2540-09-13', 0.1800),
(10063, 30, '2540-09-14', 0.2000),
(10064, 30, '2540-09-15', 0.2000),
(10065, 30, '2540-09-16', 0.1200),
(10066, 30, '2540-09-17', 0.0000),
(10067, 30, '2540-09-18', 0.0000),
(10068, 30, '2540-09-19', 0.1200),
(10069, 30, '2540-09-20', 0.1800),
(10070, 30, '2540-09-21', 0.2000),
(10071, 30, '2540-09-22', 0.2000),
(10072, 30, '2540-09-23', 0.1200),
(10073, 30, '2540-09-24', 0.0000),
(10074, 30, '2540-09-25', 0.0000),
(10075, 30, '2540-09-26', 0.1200),
(10076, 30, '2540-09-27', 0.1800),
(10077, 30, '2540-09-28', 0.2000),
(10078, 30, '2540-09-29', 0.2000),
(10079, 30, '2540-09-30', 0.1200),
(10080, 30, '2540-10-01', 0.0000),
(10081, 30, '2540-10-02', 0.0000),
(10082, 30, '2540-10-03', 0.1200),
(10083, 30, '2540-10-04', 0.1800),
(10084, 30, '2540-10-05', 0.2000),
(10085, 30, '2540-10-06', 0.2000),
(10086, 30, '2540-10-07', 0.1200),
(10087, 30, '2540-10-08', 0.0000),
(10088, 30, '2540-10-09', 0.0000),
(10089, 30, '2540-10-10', 0.1200),
(10090, 30, '2540-10-11', 0.1800),
(10091, 30, '2540-10-12', 0.2000),
(10092, 30, '2540-10-13', 0.2000),
(10093, 30, '2540-10-14', 0.1200),
(10094, 30, '2540-10-15', 0.0000),
(10095, 30, '2540-10-16', 0.0000),
(10096, 30, '2540-10-17', 0.1200),
(10097, 30, '2540-10-18', 0.1800),
(10098, 30, '2540-10-19', 0.2000),
(10099, 30, '2540-10-20', 0.2000),
(10100, 30, '2540-10-21', 0.1200),
(10101, 30, '2540-10-22', 0.0000),
(10102, 30, '2540-10-23', 0.0000),
(10103, 30, '2540-10-24', 0.1200),
(10104, 30, '2540-10-25', 0.1800),
(10105, 30, '2540-10-26', 0.2000),
(10106, 30, '2540-10-27', 0.2000),
(10107, 30, '2540-10-28', 0.1200),
(10108, 30, '2540-10-29', 0.0000),
(10109, 30, '2540-10-30', 0.0000),
(10110, 30, '2540-10-31', 0.1200),
(10111, 30, '2540-11-01', 0.1800),
(10112, 30, '2540-11-02', 0.2000),
(10113, 30, '2540-11-03', 0.2000),
(10114, 30, '2540-11-04', 0.1200),
(10115, 30, '2540-11-05', 0.0000),
(10116, 30, '2540-11-06', 0.0000),
(10117, 30, '2540-11-07', 0.1200),
(10118, 30, '2540-11-08', 0.1800),
(10119, 30, '2540-11-09', 0.2000),
(10120, 30, '2540-11-10', 0.2000),
(10121, 30, '2540-11-11', 0.1200),
(10122, 30, '2540-11-12', 0.0000),
(10123, 30, '2540-11-13', 0.0000),
(10124, 30, '2540-11-14', 0.1200),
(10125, 30, '2540-11-15', 0.1800),
(10126, 30, '2540-11-16', 0.2000),
(10127, 30, '2540-11-17', 0.2000),
(10128, 30, '2540-11-18', 0.1200),
(10129, 30, '2540-11-19', 0.0000),
(10130, 30, '2540-11-20', 0.0000),
(10131, 30, '2540-11-21', 0.1200),
(10132, 30, '2540-11-22', 0.1800),
(10133, 30, '2540-11-23', 0.2000),
(10134, 30, '2540-11-24', 0.2000),
(10135, 30, '2540-11-25', 0.1200),
(10136, 30, '2540-11-26', 0.0000),
(10137, 30, '2540-11-27', 0.0000),
(10138, 30, '2540-11-28', 0.1200),
(10139, 30, '2540-11-29', 0.1800),
(10140, 30, '2540-11-30', 0.2000),
(10141, 30, '2540-12-01', 0.2000),
(10142, 30, '2540-12-02', 0.1200),
(10143, 30, '2540-12-03', 0.0000),
(10144, 30, '2540-12-04', 0.0000),
(10145, 30, '2540-12-05', 0.1200),
(10146, 30, '2540-12-06', 0.1800),
(10147, 30, '2540-12-07', 0.2000),
(10148, 30, '2540-12-08', 0.2000),
(10149, 30, '2540-12-09', 0.1200),
(10150, 30, '2540-12-10', 0.0000),
(10151, 30, '2540-12-11', 0.0000),
(10152, 30, '2540-12-12', 0.1200),
(10153, 30, '2540-12-13', 0.1800),
(10154, 30, '2540-12-14', 0.2000),
(10155, 30, '2540-12-15', 0.2000),
(10156, 30, '2540-12-16', 0.1200),
(10157, 30, '2540-12-17', 0.0000),
(10158, 30, '2540-12-18', 0.0000),
(10159, 30, '2540-12-19', 0.1200),
(10160, 30, '2540-12-20', 0.1800),
(10161, 30, '2540-12-21', 0.2000),
(10162, 30, '2540-12-22', 0.2000),
(10163, 30, '2540-12-23', 0.1200),
(10164, 30, '2540-12-24', 0.0000),
(10165, 30, '2540-12-25', 0.0000),
(10166, 30, '2540-12-26', 0.1200),
(10167, 30, '2540-12-27', 0.1800),
(10168, 30, '2540-12-28', 0.2000),
(10297, 28, '2541-01-07', 0.0000),
(10298, 28, '2541-01-08', 0.0000),
(10299, 28, '2541-01-09', 2.8800),
(10300, 28, '2541-01-10', 2.8800),
(10301, 28, '2541-01-11', 3.2000),
(10302, 28, '2541-01-12', 3.5200),
(10303, 28, '2541-01-13', 2.5600),
(10304, 28, '2541-01-14', 0.0000),
(10305, 28, '2541-01-15', 0.0000),
(10306, 28, '2541-01-16', 2.8800),
(10307, 28, '2541-01-17', 2.8800),
(10308, 28, '2541-01-18', 3.2000),
(10309, 28, '2541-01-19', 3.5200),
(10310, 28, '2541-01-20', 2.5600),
(10311, 28, '2541-01-21', 0.0000),
(10312, 28, '2541-01-22', 0.0000),
(10313, 28, '2541-01-23', 2.8800),
(10314, 28, '2541-01-24', 2.8800),
(10315, 28, '2541-01-25', 3.2000),
(10316, 28, '2541-01-26', 3.5200),
(10317, 28, '2541-01-27', 2.5600),
(10318, 28, '2541-01-28', 0.0000),
(10319, 28, '2541-01-29', 0.0000),
(10320, 28, '2541-01-30', 2.8800),
(10321, 28, '2541-01-31', 2.8800),
(10322, 28, '2541-02-01', 3.2000),
(10323, 28, '2541-02-02', 3.5200),
(10324, 28, '2541-02-03', 2.5600),
(10325, 28, '2541-02-04', 0.0000),
(10326, 28, '2541-02-05', 0.0000),
(10327, 28, '2541-02-06', 2.8800),
(10328, 28, '2541-02-07', 2.8800),
(10329, 28, '2541-02-08', 3.2000),
(10330, 28, '2541-02-09', 3.5200),
(10331, 28, '2541-02-10', 2.5600),
(10332, 28, '2541-02-11', 0.0000),
(10333, 28, '2541-02-12', 0.0000),
(10334, 28, '2541-02-13', 2.8800),
(10335, 28, '2541-02-14', 2.8800),
(10336, 28, '2541-02-15', 3.2000),
(10337, 28, '2541-02-16', 3.5200),
(10338, 28, '2541-02-17', 2.5600),
(10339, 28, '2541-02-18', 0.0000),
(10340, 28, '2541-02-19', 0.0000),
(10341, 28, '2541-02-20', 2.8800),
(10342, 28, '2541-02-21', 2.8800),
(10343, 28, '2541-02-22', 3.2000),
(10344, 28, '2541-02-23', 3.5200),
(10345, 28, '2541-02-24', 2.5600),
(10346, 28, '2541-02-25', 0.0000),
(10347, 28, '2541-02-26', 0.0000),
(10348, 28, '2541-02-27', 2.8800),
(10349, 28, '2541-02-28', 2.8800),
(10350, 28, '2541-03-01', 3.2000),
(10351, 28, '2541-03-02', 3.5200),
(10352, 28, '2541-03-03', 2.5600),
(10353, 28, '2541-03-04', 0.0000),
(10354, 28, '2541-03-05', 0.0000),
(10355, 28, '2541-03-06', 2.8800),
(10356, 28, '2541-03-07', 2.8800),
(10357, 28, '2541-03-08', 3.2000),
(10358, 28, '2541-03-09', 3.5200),
(10359, 28, '2541-03-10', 2.5600),
(10360, 28, '2541-03-11', 0.0000),
(10361, 28, '2541-03-12', 0.0000),
(10362, 28, '2541-03-13', 2.8800),
(10363, 28, '2541-03-14', 2.8800),
(10364, 28, '2541-03-15', 3.2000),
(10365, 28, '2541-03-16', 3.5200),
(10366, 28, '2541-03-17', 2.5600),
(10367, 28, '2541-03-18', 0.0000),
(10368, 28, '2541-03-19', 0.0000),
(10369, 28, '2541-03-20', 2.8800),
(10370, 28, '2541-03-21', 2.8800),
(10371, 28, '2541-03-22', 3.2000),
(10372, 28, '2541-03-23', 3.5200),
(10373, 28, '2541-03-24', 2.5600),
(10374, 28, '2541-03-25', 0.0000),
(10375, 28, '2541-03-26', 0.0000),
(10376, 28, '2541-03-27', 2.8800),
(10377, 28, '2541-03-28', 2.8800),
(10378, 28, '2541-03-29', 3.2000),
(10379, 28, '2541-03-30', 3.5200),
(10380, 28, '2541-03-31', 2.5600),
(10381, 28, '2541-04-01', 0.0000),
(10382, 28, '2541-04-02', 0.0000),
(10383, 28, '2541-04-03', 2.8800),
(10384, 28, '2541-04-04', 2.8800),
(10385, 28, '2541-04-05', 3.2000),
(10386, 28, '2541-04-06', 3.5200),
(10387, 28, '2541-04-07', 2.5600),
(10388, 28, '2541-04-08', 0.0000),
(10389, 28, '2541-04-09', 0.0000),
(10390, 28, '2541-04-10', 2.8800),
(10391, 28, '2541-04-11', 2.8800),
(10392, 28, '2541-04-12', 3.2000),
(10393, 28, '2541-04-13', 3.5200),
(10394, 28, '2541-04-14', 2.5600),
(10395, 28, '2541-04-15', 0.0000),
(10396, 28, '2541-04-16', 0.0000),
(10397, 28, '2541-04-17', 2.8800),
(10398, 28, '2541-04-18', 2.8800),
(10399, 28, '2541-04-19', 3.2000),
(10400, 28, '2541-04-20', 3.5200),
(10401, 28, '2541-04-21', 2.5600),
(10402, 28, '2541-04-22', 0.0000),
(10403, 28, '2541-04-23', 0.0000),
(10404, 28, '2541-04-24', 2.8800),
(10405, 28, '2541-04-25', 2.8800),
(10406, 28, '2541-04-26', 3.2000),
(10407, 28, '2541-04-27', 3.5200),
(10408, 28, '2541-04-28', 2.5600),
(10409, 28, '2541-04-29', 0.0000),
(10410, 28, '2541-04-30', 0.0000),
(10411, 28, '2541-05-01', 2.8800),
(10412, 28, '2541-05-02', 2.8800),
(10413, 28, '2541-05-03', 3.2000),
(10414, 28, '2541-05-04', 3.5200),
(10415, 28, '2541-05-05', 2.5600),
(10416, 28, '2541-05-06', 0.0000),
(10417, 28, '2541-05-07', 0.0000),
(10418, 28, '2541-05-08', 2.8800),
(10419, 28, '2541-05-09', 2.8800),
(10420, 28, '2541-05-10', 3.2000),
(10421, 28, '2541-05-11', 3.5200),
(10422, 28, '2541-05-12', 2.5600),
(10423, 28, '2541-05-13', 0.0000),
(10424, 28, '2541-05-14', 0.0000),
(10425, 29, '2541-01-07', 0.0000),
(10426, 29, '2541-01-08', 0.0000),
(10427, 29, '2541-01-09', 0.1600),
(10428, 29, '2541-01-10', 0.4800),
(10429, 29, '2541-01-11', 0.1600),
(10430, 29, '2541-01-12', 0.4800),
(10431, 29, '2541-01-13', 0.4800),
(10432, 29, '2541-01-14', 0.0000),
(10433, 29, '2541-01-15', 0.0000),
(10434, 29, '2541-01-16', 0.1600),
(10435, 29, '2541-01-17', 0.4800),
(10436, 29, '2541-01-18', 0.1600),
(10437, 29, '2541-01-19', 0.4800),
(10438, 29, '2541-01-20', 0.4800),
(10439, 29, '2541-01-21', 0.0000),
(10440, 29, '2541-01-22', 0.0000),
(10441, 29, '2541-01-23', 0.1600),
(10442, 29, '2541-01-24', 0.4800),
(10443, 29, '2541-01-25', 0.1600),
(10444, 29, '2541-01-26', 0.4800),
(10445, 29, '2541-01-27', 0.4800),
(10446, 29, '2541-01-28', 0.0000),
(10447, 29, '2541-01-29', 0.0000),
(10448, 29, '2541-01-30', 0.1600),
(10449, 29, '2541-01-31', 0.4800),
(10450, 29, '2541-02-01', 0.1600),
(10451, 29, '2541-02-02', 0.4800),
(10452, 29, '2541-02-03', 0.4800),
(10453, 29, '2541-02-04', 0.0000),
(10454, 29, '2541-02-05', 0.0000),
(10455, 29, '2541-02-06', 0.1600),
(10456, 29, '2541-02-07', 0.4800),
(10457, 29, '2541-02-08', 0.1600),
(10458, 29, '2541-02-09', 0.4800),
(10459, 29, '2541-02-10', 0.4800),
(10460, 29, '2541-02-11', 0.0000),
(10461, 29, '2541-02-12', 0.0000),
(10462, 29, '2541-02-13', 0.1600),
(10463, 29, '2541-02-14', 0.4800),
(10464, 29, '2541-02-15', 0.1600),
(10465, 29, '2541-02-16', 0.4800),
(10466, 29, '2541-02-17', 0.4800),
(10467, 29, '2541-02-18', 0.0000),
(10468, 29, '2541-02-19', 0.0000),
(10469, 29, '2541-02-20', 0.1600),
(10470, 29, '2541-02-21', 0.4800),
(10471, 29, '2541-02-22', 0.1600),
(10472, 29, '2541-02-23', 0.4800),
(10473, 29, '2541-02-24', 0.4800),
(10474, 29, '2541-02-25', 0.0000),
(10475, 29, '2541-02-26', 0.0000),
(10476, 29, '2541-02-27', 0.1600),
(10477, 29, '2541-02-28', 0.4800),
(10478, 29, '2541-03-01', 0.1600),
(10479, 29, '2541-03-02', 0.4800),
(10480, 29, '2541-03-03', 0.4800),
(10481, 29, '2541-03-04', 0.0000),
(10482, 29, '2541-03-05', 0.0000),
(10483, 29, '2541-03-06', 0.1600),
(10484, 29, '2541-03-07', 0.4800),
(10485, 29, '2541-03-08', 0.1600),
(10486, 29, '2541-03-09', 0.4800),
(10487, 29, '2541-03-10', 0.4800),
(10488, 29, '2541-03-11', 0.0000),
(10489, 29, '2541-03-12', 0.0000),
(10490, 29, '2541-03-13', 0.1600),
(10491, 29, '2541-03-14', 0.4800),
(10492, 29, '2541-03-15', 0.1600),
(10493, 29, '2541-03-16', 0.4800),
(10494, 29, '2541-03-17', 0.4800),
(10495, 29, '2541-03-18', 0.0000),
(10496, 29, '2541-03-19', 0.0000),
(10497, 29, '2541-03-20', 0.1600),
(10498, 29, '2541-03-21', 0.4800),
(10499, 29, '2541-03-22', 0.1600),
(10500, 29, '2541-03-23', 0.4800),
(10501, 29, '2541-03-24', 0.4800),
(10502, 29, '2541-03-25', 0.0000),
(10503, 29, '2541-03-26', 0.0000),
(10504, 29, '2541-03-27', 0.1600),
(10505, 29, '2541-03-28', 0.4800),
(10506, 29, '2541-03-29', 0.1600),
(10507, 29, '2541-03-30', 0.4800),
(10508, 29, '2541-03-31', 0.4800),
(10509, 29, '2541-04-01', 0.0000),
(10510, 29, '2541-04-02', 0.0000),
(10511, 29, '2541-04-03', 0.1600),
(10512, 29, '2541-04-04', 0.4800),
(10513, 29, '2541-04-05', 0.1600),
(10514, 29, '2541-04-06', 0.4800),
(10515, 29, '2541-04-07', 0.4800),
(10516, 29, '2541-04-08', 0.0000),
(10517, 29, '2541-04-09', 0.0000),
(10518, 29, '2541-04-10', 0.1600),
(10519, 29, '2541-04-11', 0.4800),
(10520, 29, '2541-04-12', 0.1600),
(10521, 29, '2541-04-13', 0.4800),
(10522, 29, '2541-04-14', 0.4800),
(10523, 29, '2541-04-15', 0.0000),
(10524, 29, '2541-04-16', 0.0000),
(10525, 29, '2541-04-17', 0.1600),
(10526, 29, '2541-04-18', 0.4800),
(10527, 29, '2541-04-19', 0.1600),
(10528, 29, '2541-04-20', 0.4800),
(10529, 29, '2541-04-21', 0.4800),
(10530, 29, '2541-04-22', 0.0000),
(10531, 29, '2541-04-23', 0.0000),
(10532, 29, '2541-04-24', 0.1600),
(10533, 29, '2541-04-25', 0.4800),
(10534, 29, '2541-04-26', 0.1600),
(10535, 29, '2541-04-27', 0.4800),
(10536, 29, '2541-04-28', 0.4800),
(10537, 29, '2541-04-29', 0.0000),
(10538, 29, '2541-04-30', 0.0000),
(10539, 29, '2541-05-01', 0.1600),
(10540, 29, '2541-05-02', 0.4800),
(10541, 29, '2541-05-03', 0.1600),
(10542, 29, '2541-05-04', 0.4800),
(10543, 29, '2541-05-05', 0.4800),
(10544, 29, '2541-05-06', 0.0000),
(10545, 29, '2541-05-07', 0.0000),
(10546, 29, '2541-05-08', 0.1600),
(10547, 29, '2541-05-09', 0.4800),
(10548, 29, '2541-05-10', 0.1600),
(10549, 29, '2541-05-11', 0.4800),
(10550, 29, '2541-05-12', 0.4800),
(10551, 29, '2541-05-13', 0.0000),
(10552, 29, '2541-05-14', 0.0000),
(10553, 30, '2541-01-07', 0.0000),
(10554, 30, '2541-01-08', 0.0000),
(10555, 30, '2541-01-09', 0.1200),
(10556, 30, '2541-01-10', 0.1800),
(10557, 30, '2541-01-11', 0.2000),
(10558, 30, '2541-01-12', 0.2000),
(10559, 30, '2541-01-13', 0.1200),
(10560, 30, '2541-01-14', 0.0000),
(10561, 30, '2541-01-15', 0.0000),
(10562, 30, '2541-01-16', 0.1200),
(10563, 30, '2541-01-17', 0.1800),
(10564, 30, '2541-01-18', 0.2000),
(10565, 30, '2541-01-19', 0.2000),
(10566, 30, '2541-01-20', 0.1200),
(10567, 30, '2541-01-21', 0.0000),
(10568, 30, '2541-01-22', 0.0000),
(10569, 30, '2541-01-23', 0.1200),
(10570, 30, '2541-01-24', 0.1800),
(10571, 30, '2541-01-25', 0.2000),
(10572, 30, '2541-01-26', 0.2000),
(10573, 30, '2541-01-27', 0.1200),
(10574, 30, '2541-01-28', 0.0000),
(10575, 30, '2541-01-29', 0.0000),
(10576, 30, '2541-01-30', 0.1200),
(10577, 30, '2541-01-31', 0.1800),
(10578, 30, '2541-02-01', 0.2000),
(10579, 30, '2541-02-02', 0.2000),
(10580, 30, '2541-02-03', 0.1200),
(10581, 30, '2541-02-04', 0.0000),
(10582, 30, '2541-02-05', 0.0000),
(10583, 30, '2541-02-06', 0.1200),
(10584, 30, '2541-02-07', 0.1800),
(10585, 30, '2541-02-08', 0.2000),
(10586, 30, '2541-02-09', 0.2000),
(10587, 30, '2541-02-10', 0.1200),
(10588, 30, '2541-02-11', 0.0000),
(10589, 30, '2541-02-12', 0.0000),
(10590, 30, '2541-02-13', 0.1200),
(10591, 30, '2541-02-14', 0.1800),
(10592, 30, '2541-02-15', 0.2000),
(10593, 30, '2541-02-16', 0.2000),
(10594, 30, '2541-02-17', 0.1200),
(10595, 30, '2541-02-18', 0.0000),
(10596, 30, '2541-02-19', 0.0000),
(10597, 30, '2541-02-20', 0.1200),
(10598, 30, '2541-02-21', 0.1800),
(10599, 30, '2541-02-22', 0.2000),
(10600, 30, '2541-02-23', 0.2000),
(10601, 30, '2541-02-24', 0.1200),
(10602, 30, '2541-02-25', 0.0000),
(10603, 30, '2541-02-26', 0.0000),
(10604, 30, '2541-02-27', 0.1200),
(10605, 30, '2541-02-28', 0.1800),
(10606, 30, '2541-03-01', 0.2000),
(10607, 30, '2541-03-02', 0.2000),
(10608, 30, '2541-03-03', 0.1200),
(10609, 30, '2541-03-04', 0.0000),
(10610, 30, '2541-03-05', 0.0000),
(10611, 30, '2541-03-06', 0.1200),
(10612, 30, '2541-03-07', 0.1800),
(10613, 30, '2541-03-08', 0.2000),
(10614, 30, '2541-03-09', 0.2000),
(10615, 30, '2541-03-10', 0.1200),
(10616, 30, '2541-03-11', 0.0000),
(10617, 30, '2541-03-12', 0.0000),
(10618, 30, '2541-03-13', 0.1200),
(10619, 30, '2541-03-14', 0.1800),
(10620, 30, '2541-03-15', 0.2000),
(10621, 30, '2541-03-16', 0.2000),
(10622, 30, '2541-03-17', 0.1200),
(10623, 30, '2541-03-18', 0.0000),
(10624, 30, '2541-03-19', 0.0000),
(10625, 30, '2541-03-20', 0.1200),
(10626, 30, '2541-03-21', 0.1800),
(10627, 30, '2541-03-22', 0.2000),
(10628, 30, '2541-03-23', 0.2000),
(10629, 30, '2541-03-24', 0.1200),
(10630, 30, '2541-03-25', 0.0000),
(10631, 30, '2541-03-26', 0.0000),
(10632, 30, '2541-03-27', 0.1200),
(10633, 30, '2541-03-28', 0.1800),
(10634, 30, '2541-03-29', 0.2000),
(10635, 30, '2541-03-30', 0.2000),
(10636, 30, '2541-03-31', 0.1200),
(10637, 30, '2541-04-01', 0.0000),
(10638, 30, '2541-04-02', 0.0000),
(10639, 30, '2541-04-03', 0.1200),
(10640, 30, '2541-04-04', 0.1800),
(10641, 30, '2541-04-05', 0.2000),
(10642, 30, '2541-04-06', 0.2000),
(10643, 30, '2541-04-07', 0.1200),
(10644, 30, '2541-04-08', 0.0000),
(10645, 30, '2541-04-09', 0.0000),
(10646, 30, '2541-04-10', 0.1200),
(10647, 30, '2541-04-11', 0.1800),
(10648, 30, '2541-04-12', 0.2000),
(10649, 30, '2541-04-13', 0.2000),
(10650, 30, '2541-04-14', 0.1200),
(10651, 30, '2541-04-15', 0.0000),
(10652, 30, '2541-04-16', 0.0000),
(10653, 30, '2541-04-17', 0.1200),
(10654, 30, '2541-04-18', 0.1800),
(10655, 30, '2541-04-19', 0.2000),
(10656, 30, '2541-04-20', 0.2000),
(10657, 30, '2541-04-21', 0.1200),
(10658, 30, '2541-04-22', 0.0000),
(10659, 30, '2541-04-23', 0.0000),
(10660, 30, '2541-04-24', 0.1200),
(10661, 30, '2541-04-25', 0.1800),
(10662, 30, '2541-04-26', 0.2000),
(10663, 30, '2541-04-27', 0.2000),
(10664, 30, '2541-04-28', 0.1200),
(10665, 30, '2541-04-29', 0.0000),
(10666, 30, '2541-04-30', 0.0000),
(10667, 30, '2541-05-01', 0.1200),
(10668, 30, '2541-05-02', 0.1800),
(10669, 30, '2541-05-03', 0.2000),
(10670, 30, '2541-05-04', 0.2000),
(10671, 30, '2541-05-05', 0.1200),
(10672, 30, '2541-05-06', 0.0000),
(10673, 30, '2541-05-07', 0.0000),
(10674, 30, '2541-05-08', 0.1200),
(10675, 30, '2541-05-09', 0.1800),
(10676, 30, '2541-05-10', 0.2000),
(10677, 30, '2541-05-11', 0.2000),
(10678, 30, '2541-05-12', 0.1200),
(10679, 30, '2541-05-13', 0.0000),
(10680, 30, '2541-05-14', 0.0000),
(10829, 28, '2561-08-03', 2.8800),
(10830, 28, '2561-08-04', 2.8800),
(10831, 28, '2561-08-05', 3.2000),
(10832, 28, '2561-08-06', 3.5200),
(10833, 28, '2561-08-07', 2.5600),
(10834, 28, '2561-08-08', 0.0000),
(10835, 28, '2561-08-09', 0.0000),
(10836, 28, '2561-08-10', 2.8800),
(10837, 28, '2561-08-11', 2.8800),
(10838, 28, '2561-08-12', 3.2000),
(10839, 28, '2561-08-13', 3.5200),
(10840, 28, '2561-08-14', 2.5600),
(10841, 28, '2561-08-15', 0.0000),
(10842, 28, '2561-08-16', 0.0000),
(10843, 28, '2561-08-17', 2.8800),
(10844, 28, '2561-08-18', 2.8800),
(10845, 28, '2561-08-19', 3.2000),
(10846, 28, '2561-08-20', 3.5200),
(10847, 28, '2561-08-21', 2.5600),
(10848, 28, '2561-08-22', 0.0000),
(10849, 28, '2561-08-23', 0.0000),
(10850, 28, '2561-08-24', 2.8800),
(10851, 28, '2561-08-25', 2.8800),
(10852, 28, '2561-08-26', 3.2000),
(10853, 28, '2561-08-27', 3.5200),
(10854, 28, '2561-08-28', 2.5600),
(10855, 28, '2561-08-29', 0.0000),
(10856, 28, '2561-08-30', 0.0000),
(10857, 28, '2561-08-31', 2.8800),
(10858, 28, '2561-09-01', 2.8800),
(10859, 28, '2561-09-02', 3.2000),
(10860, 28, '2561-09-03', 3.5200),
(10861, 28, '2561-09-04', 2.5600),
(10862, 28, '2561-09-05', 0.0000),
(10863, 28, '2561-09-06', 0.0000),
(10864, 28, '2561-09-07', 2.8800),
(10865, 28, '2561-09-08', 2.8800),
(10866, 28, '2561-09-09', 3.2000),
(10867, 28, '2561-09-10', 3.5200),
(10868, 28, '2561-09-11', 2.5600),
(10869, 28, '2561-09-12', 0.0000),
(10870, 28, '2561-09-13', 0.0000),
(10871, 28, '2561-09-14', 2.8800),
(10872, 28, '2561-09-15', 2.8800),
(10873, 28, '2561-09-16', 3.2000),
(10874, 28, '2561-09-17', 3.5200),
(10875, 28, '2561-09-18', 2.5600),
(10876, 28, '2561-09-19', 0.0000),
(10877, 28, '2561-09-20', 0.0000),
(10878, 28, '2561-09-21', 2.8800),
(10879, 28, '2561-09-22', 2.8800),
(10880, 28, '2561-09-23', 3.2000),
(10881, 28, '2561-09-24', 3.5200),
(10882, 28, '2561-09-25', 2.5600),
(10883, 28, '2561-09-26', 0.0000),
(10884, 28, '2561-09-27', 0.0000),
(10885, 28, '2561-09-28', 2.8800),
(10886, 28, '2561-09-29', 2.8800),
(10887, 28, '2561-09-30', 3.2000),
(10888, 28, '2561-10-01', 3.5200),
(10889, 28, '2561-10-02', 2.5600),
(10890, 28, '2561-10-03', 0.0000),
(10891, 28, '2561-10-04', 0.0000),
(10892, 28, '2561-10-05', 2.8800),
(10893, 28, '2561-10-06', 2.8800),
(10894, 28, '2561-10-07', 3.2000),
(10895, 28, '2561-10-08', 3.5200),
(10896, 28, '2561-10-09', 2.5600),
(10897, 28, '2561-10-10', 0.0000),
(10898, 28, '2561-10-11', 0.0000),
(10899, 28, '2561-10-12', 2.8800),
(10900, 28, '2561-10-13', 2.8800),
(10901, 28, '2561-10-14', 3.2000),
(10902, 28, '2561-10-15', 3.5200),
(10903, 28, '2561-10-16', 2.5600),
(10904, 28, '2561-10-17', 0.0000),
(10905, 28, '2561-10-18', 0.0000),
(10906, 28, '2561-10-19', 2.8800),
(10907, 28, '2561-10-20', 2.8800),
(10908, 28, '2561-10-21', 3.2000),
(10909, 28, '2561-10-22', 3.5200),
(10910, 28, '2561-10-23', 2.5600),
(10911, 28, '2561-10-24', 0.0000),
(10912, 28, '2561-10-25', 0.0000),
(10913, 28, '2561-10-26', 2.8800),
(10914, 28, '2561-10-27', 2.8800),
(10915, 28, '2561-10-28', 3.2000),
(10916, 28, '2561-10-29', 3.5200),
(10917, 28, '2561-10-30', 2.5600),
(10918, 28, '2561-10-31', 0.0000),
(10919, 28, '2561-11-01', 0.0000),
(10920, 28, '2561-11-02', 2.8800),
(10921, 28, '2561-11-03', 2.8800),
(10922, 28, '2561-11-04', 3.2000),
(10923, 28, '2561-11-05', 3.5200),
(10924, 28, '2561-11-06', 2.5600),
(10925, 28, '2561-11-07', 0.0000),
(10926, 28, '2561-11-08', 0.0000),
(10927, 28, '2561-11-09', 2.8800),
(10928, 28, '2561-11-10', 2.8800),
(10929, 28, '2561-11-11', 3.2000),
(10930, 28, '2561-11-12', 3.5200),
(10931, 28, '2561-11-13', 2.5600),
(10932, 28, '2561-11-14', 0.0000),
(10933, 28, '2561-11-15', 0.0000),
(10934, 28, '2561-11-16', 2.8800),
(10935, 28, '2561-11-17', 2.8800),
(10936, 28, '2561-11-18', 3.2000),
(10937, 28, '2561-11-19', 3.5200),
(10938, 28, '2561-11-20', 2.5600),
(10939, 28, '2561-11-21', 0.0000),
(10940, 28, '2561-11-22', 0.0000),
(10941, 28, '2561-11-23', 2.8800),
(10942, 28, '2561-11-24', 2.8800),
(10943, 28, '2561-11-25', 3.2000),
(10944, 28, '2561-11-26', 3.5200),
(10945, 28, '2561-11-27', 2.5600),
(10946, 28, '2561-11-28', 0.0000),
(10947, 28, '2561-11-29', 0.0000),
(10948, 28, '2561-11-30', 2.8800),
(10949, 28, '2561-12-01', 2.8800),
(10950, 28, '2561-12-02', 3.2000),
(10951, 28, '2561-12-03', 3.5200),
(10952, 28, '2561-12-04', 2.5600),
(10953, 28, '2561-12-05', 0.0000),
(10954, 28, '2561-12-06', 0.0000),
(10955, 28, '2561-12-07', 2.8800),
(10956, 28, '2561-12-08', 2.8800),
(10957, 28, '2561-12-09', 3.2000),
(10958, 28, '2561-12-10', 3.5200),
(10959, 28, '2561-12-11', 2.5600),
(10960, 28, '2561-12-12', 0.0000),
(10961, 28, '2561-12-13', 0.0000),
(10962, 28, '2561-12-14', 2.8800),
(10963, 28, '2561-12-15', 2.8800),
(10964, 28, '2561-12-16', 3.2000),
(10965, 28, '2561-12-17', 3.5200),
(10966, 28, '2561-12-18', 2.5600),
(10967, 28, '2561-12-19', 0.0000),
(10968, 28, '2561-12-20', 0.0000),
(10969, 28, '2561-12-21', 2.8800),
(10970, 28, '2561-12-22', 2.8800),
(10971, 28, '2561-12-23', 3.2000),
(10972, 28, '2561-12-24', 3.5200),
(10973, 28, '2561-12-25', 2.5600),
(10974, 28, '2561-12-26', 0.0000),
(10975, 28, '2561-12-27', 0.0000),
(10976, 28, '2561-12-28', 2.8800),
(10977, 29, '2561-08-03', 0.1600),
(10978, 29, '2561-08-04', 0.4800),
(10979, 29, '2561-08-05', 0.1600),
(10980, 29, '2561-08-06', 0.4800),
(10981, 29, '2561-08-07', 0.4800),
(10982, 29, '2561-08-08', 0.0000),
(10983, 29, '2561-08-09', 0.0000),
(10984, 29, '2561-08-10', 0.1600),
(10985, 29, '2561-08-11', 0.4800),
(10986, 29, '2561-08-12', 0.1600),
(10987, 29, '2561-08-13', 0.4800),
(10988, 29, '2561-08-14', 0.4800),
(10989, 29, '2561-08-15', 0.0000),
(10990, 29, '2561-08-16', 0.0000),
(10991, 29, '2561-08-17', 0.1600),
(10992, 29, '2561-08-18', 0.4800),
(10993, 29, '2561-08-19', 0.1600),
(10994, 29, '2561-08-20', 0.4800),
(10995, 29, '2561-08-21', 0.4800),
(10996, 29, '2561-08-22', 0.0000),
(10997, 29, '2561-08-23', 0.0000),
(10998, 29, '2561-08-24', 0.1600),
(10999, 29, '2561-08-25', 0.4800),
(11000, 29, '2561-08-26', 0.1600),
(11001, 29, '2561-08-27', 0.4800),
(11002, 29, '2561-08-28', 0.4800),
(11003, 29, '2561-08-29', 0.0000),
(11004, 29, '2561-08-30', 0.0000),
(11005, 29, '2561-08-31', 0.1600),
(11006, 29, '2561-09-01', 0.4800),
(11007, 29, '2561-09-02', 0.1600),
(11008, 29, '2561-09-03', 0.4800),
(11009, 29, '2561-09-04', 0.4800),
(11010, 29, '2561-09-05', 0.0000),
(11011, 29, '2561-09-06', 0.0000),
(11012, 29, '2561-09-07', 0.1600),
(11013, 29, '2561-09-08', 0.4800),
(11014, 29, '2561-09-09', 0.1600),
(11015, 29, '2561-09-10', 0.4800),
(11016, 29, '2561-09-11', 0.4800),
(11017, 29, '2561-09-12', 0.0000),
(11018, 29, '2561-09-13', 0.0000),
(11019, 29, '2561-09-14', 0.1600),
(11020, 29, '2561-09-15', 0.4800),
(11021, 29, '2561-09-16', 0.1600),
(11022, 29, '2561-09-17', 0.4800),
(11023, 29, '2561-09-18', 0.4800),
(11024, 29, '2561-09-19', 0.0000),
(11025, 29, '2561-09-20', 0.0000),
(11026, 29, '2561-09-21', 0.1600),
(11027, 29, '2561-09-22', 0.4800),
(11028, 29, '2561-09-23', 0.1600),
(11029, 29, '2561-09-24', 0.4800),
(11030, 29, '2561-09-25', 0.4800),
(11031, 29, '2561-09-26', 0.0000),
(11032, 29, '2561-09-27', 0.0000),
(11033, 29, '2561-09-28', 0.1600),
(11034, 29, '2561-09-29', 0.4800),
(11035, 29, '2561-09-30', 0.1600),
(11036, 29, '2561-10-01', 0.4800),
(11037, 29, '2561-10-02', 0.4800),
(11038, 29, '2561-10-03', 0.0000),
(11039, 29, '2561-10-04', 0.0000),
(11040, 29, '2561-10-05', 0.1600),
(11041, 29, '2561-10-06', 0.4800),
(11042, 29, '2561-10-07', 0.1600),
(11043, 29, '2561-10-08', 0.4800),
(11044, 29, '2561-10-09', 0.4800),
(11045, 29, '2561-10-10', 0.0000),
(11046, 29, '2561-10-11', 0.0000),
(11047, 29, '2561-10-12', 0.1600),
(11048, 29, '2561-10-13', 0.4800),
(11049, 29, '2561-10-14', 0.1600),
(11050, 29, '2561-10-15', 0.4800),
(11051, 29, '2561-10-16', 0.4800),
(11052, 29, '2561-10-17', 0.0000),
(11053, 29, '2561-10-18', 0.0000),
(11054, 29, '2561-10-19', 0.1600),
(11055, 29, '2561-10-20', 0.4800),
(11056, 29, '2561-10-21', 0.1600),
(11057, 29, '2561-10-22', 0.4800),
(11058, 29, '2561-10-23', 0.4800),
(11059, 29, '2561-10-24', 0.0000),
(11060, 29, '2561-10-25', 0.0000),
(11061, 29, '2561-10-26', 0.1600),
(11062, 29, '2561-10-27', 0.4800),
(11063, 29, '2561-10-28', 0.1600),
(11064, 29, '2561-10-29', 0.4800),
(11065, 29, '2561-10-30', 0.4800),
(11066, 29, '2561-10-31', 0.0000),
(11067, 29, '2561-11-01', 0.0000),
(11068, 29, '2561-11-02', 0.1600),
(11069, 29, '2561-11-03', 0.4800),
(11070, 29, '2561-11-04', 0.1600),
(11071, 29, '2561-11-05', 0.4800),
(11072, 29, '2561-11-06', 0.4800),
(11073, 29, '2561-11-07', 0.0000),
(11074, 29, '2561-11-08', 0.0000),
(11075, 29, '2561-11-09', 0.1600),
(11076, 29, '2561-11-10', 0.4800),
(11077, 29, '2561-11-11', 0.1600),
(11078, 29, '2561-11-12', 0.4800),
(11079, 29, '2561-11-13', 0.4800),
(11080, 29, '2561-11-14', 0.0000),
(11081, 29, '2561-11-15', 0.0000),
(11082, 29, '2561-11-16', 0.1600),
(11083, 29, '2561-11-17', 0.4800),
(11084, 29, '2561-11-18', 0.1600),
(11085, 29, '2561-11-19', 0.4800),
(11086, 29, '2561-11-20', 0.4800),
(11087, 29, '2561-11-21', 0.0000),
(11088, 29, '2561-11-22', 0.0000),
(11089, 29, '2561-11-23', 0.1600),
(11090, 29, '2561-11-24', 0.4800),
(11091, 29, '2561-11-25', 0.1600),
(11092, 29, '2561-11-26', 0.4800),
(11093, 29, '2561-11-27', 0.4800),
(11094, 29, '2561-11-28', 0.0000),
(11095, 29, '2561-11-29', 0.0000),
(11096, 29, '2561-11-30', 0.1600),
(11097, 29, '2561-12-01', 0.4800),
(11098, 29, '2561-12-02', 0.1600),
(11099, 29, '2561-12-03', 0.4800),
(11100, 29, '2561-12-04', 0.4800),
(11101, 29, '2561-12-05', 0.0000),
(11102, 29, '2561-12-06', 0.0000),
(11103, 29, '2561-12-07', 0.1600),
(11104, 29, '2561-12-08', 0.4800),
(11105, 29, '2561-12-09', 0.1600),
(11106, 29, '2561-12-10', 0.4800),
(11107, 29, '2561-12-11', 0.4800),
(11108, 29, '2561-12-12', 0.0000),
(11109, 29, '2561-12-13', 0.0000),
(11110, 29, '2561-12-14', 0.1600),
(11111, 29, '2561-12-15', 0.4800),
(11112, 29, '2561-12-16', 0.1600),
(11113, 29, '2561-12-17', 0.4800),
(11114, 29, '2561-12-18', 0.4800),
(11115, 29, '2561-12-19', 0.0000),
(11116, 29, '2561-12-20', 0.0000),
(11117, 29, '2561-12-21', 0.1600),
(11118, 29, '2561-12-22', 0.4800),
(11119, 29, '2561-12-23', 0.1600),
(11120, 29, '2561-12-24', 0.4800),
(11121, 29, '2561-12-25', 0.4800),
(11122, 29, '2561-12-26', 0.0000),
(11123, 29, '2561-12-27', 0.0000),
(11124, 29, '2561-12-28', 0.1600),
(11125, 30, '2561-08-03', 0.1200),
(11126, 30, '2561-08-04', 0.1800),
(11127, 30, '2561-08-05', 0.2000),
(11128, 30, '2561-08-06', 0.2000),
(11129, 30, '2561-08-07', 0.1200),
(11130, 30, '2561-08-08', 0.0000),
(11131, 30, '2561-08-09', 0.0000),
(11132, 30, '2561-08-10', 0.1200),
(11133, 30, '2561-08-11', 0.1800),
(11134, 30, '2561-08-12', 0.2000),
(11135, 30, '2561-08-13', 0.2000),
(11136, 30, '2561-08-14', 0.1200),
(11137, 30, '2561-08-15', 0.0000),
(11138, 30, '2561-08-16', 0.0000),
(11139, 30, '2561-08-17', 0.1200),
(11140, 30, '2561-08-18', 0.1800),
(11141, 30, '2561-08-19', 0.2000),
(11142, 30, '2561-08-20', 0.2000),
(11143, 30, '2561-08-21', 0.1200),
(11144, 30, '2561-08-22', 0.0000),
(11145, 30, '2561-08-23', 0.0000),
(11146, 30, '2561-08-24', 0.1200),
(11147, 30, '2561-08-25', 0.1800),
(11148, 30, '2561-08-26', 0.2000),
(11149, 30, '2561-08-27', 0.2000),
(11150, 30, '2561-08-28', 0.1200),
(11151, 30, '2561-08-29', 0.0000),
(11152, 30, '2561-08-30', 0.0000),
(11153, 30, '2561-08-31', 0.1200),
(11154, 30, '2561-09-01', 0.1800),
(11155, 30, '2561-09-02', 0.2000),
(11156, 30, '2561-09-03', 0.2000),
(11157, 30, '2561-09-04', 0.1200),
(11158, 30, '2561-09-05', 0.0000),
(11159, 30, '2561-09-06', 0.0000),
(11160, 30, '2561-09-07', 0.1200),
(11161, 30, '2561-09-08', 0.1800),
(11162, 30, '2561-09-09', 0.2000),
(11163, 30, '2561-09-10', 0.2000),
(11164, 30, '2561-09-11', 0.1200),
(11165, 30, '2561-09-12', 0.0000),
(11166, 30, '2561-09-13', 0.0000),
(11167, 30, '2561-09-14', 0.1200),
(11168, 30, '2561-09-15', 0.1800),
(11169, 30, '2561-09-16', 0.2000),
(11170, 30, '2561-09-17', 0.2000),
(11171, 30, '2561-09-18', 0.1200),
(11172, 30, '2561-09-19', 0.0000),
(11173, 30, '2561-09-20', 0.0000),
(11174, 30, '2561-09-21', 0.1200),
(11175, 30, '2561-09-22', 0.1800),
(11176, 30, '2561-09-23', 0.2000),
(11177, 30, '2561-09-24', 0.2000),
(11178, 30, '2561-09-25', 0.1200),
(11179, 30, '2561-09-26', 0.0000),
(11180, 30, '2561-09-27', 0.0000),
(11181, 30, '2561-09-28', 0.1200),
(11182, 30, '2561-09-29', 0.1800),
(11183, 30, '2561-09-30', 0.2000),
(11184, 30, '2561-10-01', 0.2000),
(11185, 30, '2561-10-02', 0.1200),
(11186, 30, '2561-10-03', 0.0000),
(11187, 30, '2561-10-04', 0.0000),
(11188, 30, '2561-10-05', 0.1200),
(11189, 30, '2561-10-06', 0.1800),
(11190, 30, '2561-10-07', 0.2000),
(11191, 30, '2561-10-08', 0.2000),
(11192, 30, '2561-10-09', 0.1200),
(11193, 30, '2561-10-10', 0.0000),
(11194, 30, '2561-10-11', 0.0000),
(11195, 30, '2561-10-12', 0.1200),
(11196, 30, '2561-10-13', 0.1800),
(11197, 30, '2561-10-14', 0.2000),
(11198, 30, '2561-10-15', 0.2000),
(11199, 30, '2561-10-16', 0.1200),
(11200, 30, '2561-10-17', 0.0000),
(11201, 30, '2561-10-18', 0.0000),
(11202, 30, '2561-10-19', 0.1200),
(11203, 30, '2561-10-20', 0.1800),
(11204, 30, '2561-10-21', 0.2000),
(11205, 30, '2561-10-22', 0.2000),
(11206, 30, '2561-10-23', 0.1200),
(11207, 30, '2561-10-24', 0.0000),
(11208, 30, '2561-10-25', 0.0000),
(11209, 30, '2561-10-26', 0.1200),
(11210, 30, '2561-10-27', 0.1800),
(11211, 30, '2561-10-28', 0.2000),
(11212, 30, '2561-10-29', 0.2000),
(11213, 30, '2561-10-30', 0.1200),
(11214, 30, '2561-10-31', 0.0000),
(11215, 30, '2561-11-01', 0.0000),
(11216, 30, '2561-11-02', 0.1200),
(11217, 30, '2561-11-03', 0.1800),
(11218, 30, '2561-11-04', 0.2000),
(11219, 30, '2561-11-05', 0.2000),
(11220, 30, '2561-11-06', 0.1200),
(11221, 30, '2561-11-07', 0.0000),
(11222, 30, '2561-11-08', 0.0000),
(11223, 30, '2561-11-09', 0.1200),
(11224, 30, '2561-11-10', 0.1800),
(11225, 30, '2561-11-11', 0.2000),
(11226, 30, '2561-11-12', 0.2000),
(11227, 30, '2561-11-13', 0.1200),
(11228, 30, '2561-11-14', 0.0000),
(11229, 30, '2561-11-15', 0.0000),
(11230, 30, '2561-11-16', 0.1200),
(11231, 30, '2561-11-17', 0.1800),
(11232, 30, '2561-11-18', 0.2000),
(11233, 30, '2561-11-19', 0.2000),
(11234, 30, '2561-11-20', 0.1200),
(11235, 30, '2561-11-21', 0.0000),
(11236, 30, '2561-11-22', 0.0000),
(11237, 30, '2561-11-23', 0.1200),
(11238, 30, '2561-11-24', 0.1800),
(11239, 30, '2561-11-25', 0.2000),
(11240, 30, '2561-11-26', 0.2000),
(11241, 30, '2561-11-27', 0.1200),
(11242, 30, '2561-11-28', 0.0000),
(11243, 30, '2561-11-29', 0.0000),
(11244, 30, '2561-11-30', 0.1200),
(11245, 30, '2561-12-01', 0.1800),
(11246, 30, '2561-12-02', 0.2000),
(11247, 30, '2561-12-03', 0.2000),
(11248, 30, '2561-12-04', 0.1200),
(11249, 30, '2561-12-05', 0.0000),
(11250, 30, '2561-12-06', 0.0000),
(11251, 30, '2561-12-07', 0.1200),
(11252, 30, '2561-12-08', 0.1800),
(11253, 30, '2561-12-09', 0.2000),
(11254, 30, '2561-12-10', 0.2000),
(11255, 30, '2561-12-11', 0.1200),
(11256, 30, '2561-12-12', 0.0000),
(11257, 30, '2561-12-13', 0.0000),
(11258, 30, '2561-12-14', 0.1200),
(11259, 30, '2561-12-15', 0.1800),
(11260, 30, '2561-12-16', 0.2000),
(11261, 30, '2561-12-17', 0.2000),
(11262, 30, '2561-12-18', 0.1200),
(11263, 30, '2561-12-19', 0.0000),
(11264, 30, '2561-12-20', 0.0000),
(11265, 30, '2561-12-21', 0.1200),
(11266, 30, '2561-12-22', 0.1800),
(11267, 30, '2561-12-23', 0.2000),
(11268, 30, '2561-12-24', 0.2000),
(11269, 30, '2561-12-25', 0.1200),
(11270, 30, '2561-12-26', 0.0000),
(11271, 30, '2561-12-27', 0.0000),
(11272, 30, '2561-12-28', 0.1200),
(12003, 28, '2561-01-03', 0.0000),
(12004, 28, '2561-01-04', 0.0000),
(12005, 28, '2561-01-05', 2.8800),
(12006, 28, '2561-01-06', 2.8800),
(12007, 28, '2561-01-07', 3.2000),
(12008, 28, '2561-01-08', 3.5200),
(12009, 28, '2561-01-09', 2.5600),
(12010, 28, '2561-01-10', 0.0000),
(12011, 28, '2561-01-11', 0.0000),
(12012, 28, '2561-01-12', 2.8800),
(12013, 28, '2561-01-13', 2.8800),
(12014, 28, '2561-01-14', 3.2000),
(12015, 28, '2561-01-15', 3.5200),
(12016, 28, '2561-01-16', 2.5600),
(12017, 28, '2561-01-17', 0.0000),
(12018, 28, '2561-01-18', 0.0000),
(12019, 28, '2561-01-19', 2.8800),
(12020, 28, '2561-01-20', 2.8800),
(12021, 28, '2561-01-21', 3.2000),
(12022, 28, '2561-01-22', 3.5200),
(12023, 28, '2561-01-23', 2.5600),
(12024, 28, '2561-01-24', 0.0000),
(12025, 28, '2561-01-25', 0.0000),
(12026, 28, '2561-01-26', 2.8800),
(12027, 28, '2561-01-27', 2.8800),
(12028, 28, '2561-01-28', 3.2000),
(12029, 28, '2561-01-29', 3.5200),
(12030, 28, '2561-01-30', 2.5600),
(12031, 28, '2561-01-31', 0.0000),
(12032, 28, '2561-02-01', 0.0000),
(12033, 28, '2561-02-02', 2.8800),
(12034, 28, '2561-02-03', 2.8800),
(12035, 28, '2561-02-04', 3.2000),
(12036, 28, '2561-02-05', 3.5200),
(12037, 28, '2561-02-06', 2.5600),
(12038, 28, '2561-02-07', 0.0000),
(12039, 28, '2561-02-08', 0.0000),
(12040, 28, '2561-02-09', 2.8800),
(12041, 28, '2561-02-10', 2.8800),
(12042, 28, '2561-02-11', 3.2000),
(12043, 28, '2561-02-12', 3.5200),
(12044, 28, '2561-02-13', 2.5600),
(12045, 28, '2561-02-14', 0.0000),
(12046, 28, '2561-02-15', 0.0000),
(12047, 28, '2561-02-16', 2.8800),
(12048, 28, '2561-02-17', 2.8800),
(12049, 28, '2561-02-18', 3.2000),
(12050, 28, '2561-02-19', 3.5200),
(12051, 28, '2561-02-20', 2.5600),
(12052, 28, '2561-02-21', 0.0000),
(12053, 28, '2561-02-22', 0.0000),
(12054, 28, '2561-02-23', 2.8800),
(12055, 28, '2561-02-24', 2.8800),
(12056, 28, '2561-02-25', 3.2000),
(12057, 28, '2561-02-26', 3.5200),
(12058, 28, '2561-02-27', 2.5600),
(12059, 28, '2561-02-28', 0.0000),
(12060, 28, '2561-03-01', 0.0000),
(12061, 28, '2561-03-02', 2.8800),
(12062, 28, '2561-03-03', 2.8800),
(12063, 28, '2561-03-04', 3.2000),
(12064, 28, '2561-03-05', 3.5200),
(12065, 28, '2561-03-06', 2.5600),
(12066, 28, '2561-03-07', 0.0000),
(12067, 28, '2561-03-08', 0.0000),
(12068, 28, '2561-03-09', 2.8800),
(12069, 28, '2561-03-10', 2.8800),
(12070, 28, '2561-03-11', 3.2000),
(12071, 28, '2561-03-12', 3.5200),
(12072, 28, '2561-03-13', 2.5600),
(12073, 28, '2561-03-14', 0.0000),
(12074, 28, '2561-03-15', 0.0000),
(12075, 28, '2561-03-16', 2.8800),
(12076, 28, '2561-03-17', 2.8800),
(12077, 28, '2561-03-18', 3.2000),
(12078, 28, '2561-03-19', 3.5200),
(12079, 28, '2561-03-20', 2.5600),
(12080, 28, '2561-03-21', 0.0000),
(12081, 28, '2561-03-22', 0.0000),
(12082, 28, '2561-03-23', 2.8800),
(12083, 28, '2561-03-24', 2.8800),
(12084, 28, '2561-03-25', 3.2000),
(12085, 28, '2561-03-26', 3.5200),
(12086, 28, '2561-03-27', 2.5600),
(12087, 28, '2561-03-28', 0.0000),
(12088, 28, '2561-03-29', 0.0000),
(12089, 28, '2561-03-30', 2.8800),
(12090, 28, '2561-03-31', 2.8800),
(12091, 28, '2561-04-01', 3.2000),
(12092, 28, '2561-04-02', 3.5200),
(12093, 28, '2561-04-03', 2.5600),
(12094, 28, '2561-04-04', 0.0000),
(12095, 28, '2561-04-05', 0.0000),
(12096, 28, '2561-04-06', 2.8800),
(12097, 28, '2561-04-07', 2.8800),
(12098, 28, '2561-04-08', 3.2000),
(12099, 28, '2561-04-09', 3.5200),
(12100, 28, '2561-04-10', 2.5600),
(12101, 28, '2561-04-11', 0.0000),
(12102, 28, '2561-04-12', 0.0000),
(12103, 28, '2561-04-13', 2.8800),
(12104, 28, '2561-04-14', 2.8800),
(12105, 28, '2561-04-15', 3.2000),
(12106, 28, '2561-04-16', 3.5200),
(12107, 28, '2561-04-17', 2.5600),
(12108, 28, '2561-04-18', 0.0000),
(12109, 28, '2561-04-19', 0.0000),
(12110, 28, '2561-04-20', 2.8800),
(12111, 28, '2561-04-21', 2.8800),
(12112, 28, '2561-04-22', 3.2000),
(12113, 28, '2561-04-23', 3.5200),
(12114, 28, '2561-04-24', 2.5600),
(12115, 28, '2561-04-25', 0.0000),
(12116, 28, '2561-04-26', 0.0000),
(12117, 28, '2561-04-27', 2.8800),
(12118, 28, '2561-04-28', 2.8800),
(12119, 28, '2561-04-29', 3.2000),
(12120, 28, '2561-04-30', 3.5200),
(12121, 28, '2561-05-01', 2.5600),
(12122, 28, '2561-05-02', 0.0000),
(12123, 28, '2561-05-03', 0.0000),
(12124, 28, '2561-05-04', 2.8800),
(12125, 28, '2561-05-05', 2.8800),
(12126, 28, '2561-05-06', 3.2000),
(12127, 28, '2561-05-07', 3.5200),
(12128, 28, '2561-05-08', 2.5600),
(12129, 28, '2561-05-09', 0.0000),
(12130, 28, '2561-05-10', 0.0000),
(12131, 28, '2561-05-11', 2.8800),
(12132, 28, '2561-05-12', 2.8800),
(12133, 28, '2561-05-13', 3.2000),
(12134, 28, '2561-05-14', 3.5200),
(12135, 28, '2561-05-15', 2.5600),
(12136, 28, '2561-05-16', 0.0000),
(12137, 28, '2561-05-17', 0.0000),
(12138, 28, '2561-05-18', 2.8800),
(12139, 28, '2561-05-19', 2.8800),
(12140, 28, '2561-05-20', 3.2000),
(12141, 28, '2561-05-21', 3.5200),
(12142, 28, '2561-05-22', 2.5600),
(12143, 28, '2561-05-23', 0.0000),
(12144, 28, '2561-05-24', 0.0000),
(12145, 28, '2561-05-25', 2.8800),
(12146, 28, '2561-05-26', 2.8800),
(12147, 28, '2561-05-27', 3.2000),
(12148, 28, '2561-05-28', 3.5200),
(12149, 29, '2561-01-03', 0.0000),
(12150, 29, '2561-01-04', 0.0000),
(12151, 29, '2561-01-05', 0.1600),
(12152, 29, '2561-01-06', 0.4800),
(12153, 29, '2561-01-07', 0.1600),
(12154, 29, '2561-01-08', 0.4800),
(12155, 29, '2561-01-09', 0.4800),
(12156, 29, '2561-01-10', 0.0000),
(12157, 29, '2561-01-11', 0.0000),
(12158, 29, '2561-01-12', 0.1600),
(12159, 29, '2561-01-13', 0.4800),
(12160, 29, '2561-01-14', 0.1600),
(12161, 29, '2561-01-15', 0.4800),
(12162, 29, '2561-01-16', 0.4800),
(12163, 29, '2561-01-17', 0.0000),
(12164, 29, '2561-01-18', 0.0000),
(12165, 29, '2561-01-19', 0.1600),
(12166, 29, '2561-01-20', 0.4800),
(12167, 29, '2561-01-21', 0.1600),
(12168, 29, '2561-01-22', 0.4800),
(12169, 29, '2561-01-23', 0.4800),
(12170, 29, '2561-01-24', 0.0000),
(12171, 29, '2561-01-25', 0.0000),
(12172, 29, '2561-01-26', 0.1600),
(12173, 29, '2561-01-27', 0.4800),
(12174, 29, '2561-01-28', 0.1600),
(12175, 29, '2561-01-29', 0.4800),
(12176, 29, '2561-01-30', 0.4800),
(12177, 29, '2561-01-31', 0.0000),
(12178, 29, '2561-02-01', 0.0000),
(12179, 29, '2561-02-02', 0.1600),
(12180, 29, '2561-02-03', 0.4800),
(12181, 29, '2561-02-04', 0.1600),
(12182, 29, '2561-02-05', 0.4800),
(12183, 29, '2561-02-06', 0.4800),
(12184, 29, '2561-02-07', 0.0000),
(12185, 29, '2561-02-08', 0.0000),
(12186, 29, '2561-02-09', 0.1600),
(12187, 29, '2561-02-10', 0.4800),
(12188, 29, '2561-02-11', 0.1600),
(12189, 29, '2561-02-12', 0.4800),
(12190, 29, '2561-02-13', 0.4800),
(12191, 29, '2561-02-14', 0.0000),
(12192, 29, '2561-02-15', 0.0000),
(12193, 29, '2561-02-16', 0.1600),
(12194, 29, '2561-02-17', 0.4800),
(12195, 29, '2561-02-18', 0.1600),
(12196, 29, '2561-02-19', 0.4800),
(12197, 29, '2561-02-20', 0.4800),
(12198, 29, '2561-02-21', 0.0000),
(12199, 29, '2561-02-22', 0.0000),
(12200, 29, '2561-02-23', 0.1600),
(12201, 29, '2561-02-24', 0.4800),
(12202, 29, '2561-02-25', 0.1600),
(12203, 29, '2561-02-26', 0.4800),
(12204, 29, '2561-02-27', 0.4800),
(12205, 29, '2561-02-28', 0.0000),
(12206, 29, '2561-03-01', 0.0000),
(12207, 29, '2561-03-02', 0.1600),
(12208, 29, '2561-03-03', 0.4800),
(12209, 29, '2561-03-04', 0.1600),
(12210, 29, '2561-03-05', 0.4800),
(12211, 29, '2561-03-06', 0.4800),
(12212, 29, '2561-03-07', 0.0000),
(12213, 29, '2561-03-08', 0.0000),
(12214, 29, '2561-03-09', 0.1600),
(12215, 29, '2561-03-10', 0.4800),
(12216, 29, '2561-03-11', 0.1600),
(12217, 29, '2561-03-12', 0.4800),
(12218, 29, '2561-03-13', 0.4800),
(12219, 29, '2561-03-14', 0.0000),
(12220, 29, '2561-03-15', 0.0000),
(12221, 29, '2561-03-16', 0.1600),
(12222, 29, '2561-03-17', 0.4800),
(12223, 29, '2561-03-18', 0.1600),
(12224, 29, '2561-03-19', 0.4800),
(12225, 29, '2561-03-20', 0.4800),
(12226, 29, '2561-03-21', 0.0000),
(12227, 29, '2561-03-22', 0.0000),
(12228, 29, '2561-03-23', 0.1600),
(12229, 29, '2561-03-24', 0.4800),
(12230, 29, '2561-03-25', 0.1600),
(12231, 29, '2561-03-26', 0.4800),
(12232, 29, '2561-03-27', 0.4800),
(12233, 29, '2561-03-28', 0.0000),
(12234, 29, '2561-03-29', 0.0000),
(12235, 29, '2561-03-30', 0.1600),
(12236, 29, '2561-03-31', 0.4800),
(12237, 29, '2561-04-01', 0.1600),
(12238, 29, '2561-04-02', 0.4800),
(12239, 29, '2561-04-03', 0.4800),
(12240, 29, '2561-04-04', 0.0000),
(12241, 29, '2561-04-05', 0.0000),
(12242, 29, '2561-04-06', 0.1600),
(12243, 29, '2561-04-07', 0.4800),
(12244, 29, '2561-04-08', 0.1600),
(12245, 29, '2561-04-09', 0.4800),
(12246, 29, '2561-04-10', 0.4800),
(12247, 29, '2561-04-11', 0.0000),
(12248, 29, '2561-04-12', 0.0000),
(12249, 29, '2561-04-13', 0.1600),
(12250, 29, '2561-04-14', 0.4800),
(12251, 29, '2561-04-15', 0.1600);
INSERT INTO `electric_estimation` (`es_id`, `rooms_id`, `DATE`, `Unit`) VALUES
(12252, 29, '2561-04-16', 0.4800),
(12253, 29, '2561-04-17', 0.4800),
(12254, 29, '2561-04-18', 0.0000),
(12255, 29, '2561-04-19', 0.0000),
(12256, 29, '2561-04-20', 0.1600),
(12257, 29, '2561-04-21', 0.4800),
(12258, 29, '2561-04-22', 0.1600),
(12259, 29, '2561-04-23', 0.4800),
(12260, 29, '2561-04-24', 0.4800),
(12261, 29, '2561-04-25', 0.0000),
(12262, 29, '2561-04-26', 0.0000),
(12263, 29, '2561-04-27', 0.1600),
(12264, 29, '2561-04-28', 0.4800),
(12265, 29, '2561-04-29', 0.1600),
(12266, 29, '2561-04-30', 0.4800),
(12267, 29, '2561-05-01', 0.4800),
(12268, 29, '2561-05-02', 0.0000),
(12269, 29, '2561-05-03', 0.0000),
(12270, 29, '2561-05-04', 0.1600),
(12271, 29, '2561-05-05', 0.4800),
(12272, 29, '2561-05-06', 0.1600),
(12273, 29, '2561-05-07', 0.4800),
(12274, 29, '2561-05-08', 0.4800),
(12275, 29, '2561-05-09', 0.0000),
(12276, 29, '2561-05-10', 0.0000),
(12277, 29, '2561-05-11', 0.1600),
(12278, 29, '2561-05-12', 0.4800),
(12279, 29, '2561-05-13', 0.1600),
(12280, 29, '2561-05-14', 0.4800),
(12281, 29, '2561-05-15', 0.4800),
(12282, 29, '2561-05-16', 0.0000),
(12283, 29, '2561-05-17', 0.0000),
(12284, 29, '2561-05-18', 0.1600),
(12285, 29, '2561-05-19', 0.4800),
(12286, 29, '2561-05-20', 0.1600),
(12287, 29, '2561-05-21', 0.4800),
(12288, 29, '2561-05-22', 0.4800),
(12289, 29, '2561-05-23', 0.0000),
(12290, 29, '2561-05-24', 0.0000),
(12291, 29, '2561-05-25', 0.1600),
(12292, 29, '2561-05-26', 0.4800),
(12293, 29, '2561-05-27', 0.1600),
(12294, 29, '2561-05-28', 0.4800),
(12295, 30, '2561-01-03', 0.0000),
(12296, 30, '2561-01-04', 0.0000),
(12297, 30, '2561-01-05', 0.1200),
(12298, 30, '2561-01-06', 0.1800),
(12299, 30, '2561-01-07', 0.2000),
(12300, 30, '2561-01-08', 0.2000),
(12301, 30, '2561-01-09', 0.1200),
(12302, 30, '2561-01-10', 0.0000),
(12303, 30, '2561-01-11', 0.0000),
(12304, 30, '2561-01-12', 0.1200),
(12305, 30, '2561-01-13', 0.1800),
(12306, 30, '2561-01-14', 0.2000),
(12307, 30, '2561-01-15', 0.2000),
(12308, 30, '2561-01-16', 0.1200),
(12309, 30, '2561-01-17', 0.0000),
(12310, 30, '2561-01-18', 0.0000),
(12311, 30, '2561-01-19', 0.1200),
(12312, 30, '2561-01-20', 0.1800),
(12313, 30, '2561-01-21', 0.2000),
(12314, 30, '2561-01-22', 0.2000),
(12315, 30, '2561-01-23', 0.1200),
(12316, 30, '2561-01-24', 0.0000),
(12317, 30, '2561-01-25', 0.0000),
(12318, 30, '2561-01-26', 0.1200),
(12319, 30, '2561-01-27', 0.1800),
(12320, 30, '2561-01-28', 0.2000),
(12321, 30, '2561-01-29', 0.2000),
(12322, 30, '2561-01-30', 0.1200),
(12323, 30, '2561-01-31', 0.0000),
(12324, 30, '2561-02-01', 0.0000),
(12325, 30, '2561-02-02', 0.1200),
(12326, 30, '2561-02-03', 0.1800),
(12327, 30, '2561-02-04', 0.2000),
(12328, 30, '2561-02-05', 0.2000),
(12329, 30, '2561-02-06', 0.1200),
(12330, 30, '2561-02-07', 0.0000),
(12331, 30, '2561-02-08', 0.0000),
(12332, 30, '2561-02-09', 0.1200),
(12333, 30, '2561-02-10', 0.1800),
(12334, 30, '2561-02-11', 0.2000),
(12335, 30, '2561-02-12', 0.2000),
(12336, 30, '2561-02-13', 0.1200),
(12337, 30, '2561-02-14', 0.0000),
(12338, 30, '2561-02-15', 0.0000),
(12339, 30, '2561-02-16', 0.1200),
(12340, 30, '2561-02-17', 0.1800),
(12341, 30, '2561-02-18', 0.2000),
(12342, 30, '2561-02-19', 0.2000),
(12343, 30, '2561-02-20', 0.1200),
(12344, 30, '2561-02-21', 0.0000),
(12345, 30, '2561-02-22', 0.0000),
(12346, 30, '2561-02-23', 0.1200),
(12347, 30, '2561-02-24', 0.1800),
(12348, 30, '2561-02-25', 0.2000),
(12349, 30, '2561-02-26', 0.2000),
(12350, 30, '2561-02-27', 0.1200),
(12351, 30, '2561-02-28', 0.0000),
(12352, 30, '2561-03-01', 0.0000),
(12353, 30, '2561-03-02', 0.1200),
(12354, 30, '2561-03-03', 0.1800),
(12355, 30, '2561-03-04', 0.2000),
(12356, 30, '2561-03-05', 0.2000),
(12357, 30, '2561-03-06', 0.1200),
(12358, 30, '2561-03-07', 0.0000),
(12359, 30, '2561-03-08', 0.0000),
(12360, 30, '2561-03-09', 0.1200),
(12361, 30, '2561-03-10', 0.1800),
(12362, 30, '2561-03-11', 0.2000),
(12363, 30, '2561-03-12', 0.2000),
(12364, 30, '2561-03-13', 0.1200),
(12365, 30, '2561-03-14', 0.0000),
(12366, 30, '2561-03-15', 0.0000),
(12367, 30, '2561-03-16', 0.1200),
(12368, 30, '2561-03-17', 0.1800),
(12369, 30, '2561-03-18', 0.2000),
(12370, 30, '2561-03-19', 0.2000),
(12371, 30, '2561-03-20', 0.1200),
(12372, 30, '2561-03-21', 0.0000),
(12373, 30, '2561-03-22', 0.0000),
(12374, 30, '2561-03-23', 0.1200),
(12375, 30, '2561-03-24', 0.1800),
(12376, 30, '2561-03-25', 0.2000),
(12377, 30, '2561-03-26', 0.2000),
(12378, 30, '2561-03-27', 0.1200),
(12379, 30, '2561-03-28', 0.0000),
(12380, 30, '2561-03-29', 0.0000),
(12381, 30, '2561-03-30', 0.1200),
(12382, 30, '2561-03-31', 0.1800),
(12383, 30, '2561-04-01', 0.2000),
(12384, 30, '2561-04-02', 0.2000),
(12385, 30, '2561-04-03', 0.1200),
(12386, 30, '2561-04-04', 0.0000),
(12387, 30, '2561-04-05', 0.0000),
(12388, 30, '2561-04-06', 0.1200),
(12389, 30, '2561-04-07', 0.1800),
(12390, 30, '2561-04-08', 0.2000),
(12391, 30, '2561-04-09', 0.2000),
(12392, 30, '2561-04-10', 0.1200),
(12393, 30, '2561-04-11', 0.0000),
(12394, 30, '2561-04-12', 0.0000),
(12395, 30, '2561-04-13', 0.1200),
(12396, 30, '2561-04-14', 0.1800),
(12397, 30, '2561-04-15', 0.2000),
(12398, 30, '2561-04-16', 0.2000),
(12399, 30, '2561-04-17', 0.1200),
(12400, 30, '2561-04-18', 0.0000),
(12401, 30, '2561-04-19', 0.0000),
(12402, 30, '2561-04-20', 0.1200),
(12403, 30, '2561-04-21', 0.1800),
(12443, 28, '2546-08-06', 0.0000),
(12444, 28, '2546-08-07', 0.0000),
(12445, 28, '2546-08-08', 494.2800),
(12446, 28, '2546-08-09', 494.2800),
(12447, 28, '2546-08-10', 549.2000),
(12448, 28, '2546-08-11', 604.1200),
(12449, 28, '2546-08-12', 439.3600),
(12450, 28, '2546-08-13', 0.0000),
(12451, 28, '2546-08-14', 0.0000),
(12452, 28, '2546-08-15', 494.2800),
(12453, 28, '2546-08-16', 494.2800),
(12454, 28, '2546-08-17', 549.2000),
(12455, 28, '2546-08-18', 604.1200),
(12456, 28, '2546-08-19', 439.3600),
(12457, 28, '2546-08-20', 0.0000),
(12458, 28, '2546-08-21', 0.0000),
(12459, 28, '2546-08-22', 494.2800),
(12460, 28, '2546-08-23', 494.2800),
(12461, 28, '2546-08-24', 549.2000),
(12462, 28, '2546-08-25', 604.1200),
(12463, 28, '2546-08-26', 439.3600),
(12464, 28, '2546-08-27', 0.0000),
(12465, 28, '2546-08-28', 0.0000),
(12466, 28, '2546-08-29', 494.2800),
(12467, 28, '2546-08-30', 494.2800),
(12468, 28, '2546-08-31', 549.2000),
(12469, 28, '2546-09-01', 604.1200),
(12470, 28, '2546-09-02', 439.3600),
(12471, 28, '2546-09-03', 0.0000),
(12472, 28, '2546-09-04', 0.0000),
(12473, 28, '2546-09-05', 494.2800),
(12474, 28, '2546-09-06', 494.2800),
(12475, 28, '2546-09-07', 549.2000),
(12476, 28, '2546-09-08', 604.1200),
(12477, 28, '2546-09-09', 439.3600),
(12478, 28, '2546-09-10', 0.0000),
(12479, 28, '2546-09-11', 0.0000),
(12480, 28, '2546-09-12', 494.2800),
(12481, 28, '2546-09-13', 494.2800),
(12482, 28, '2546-09-14', 549.2000),
(12483, 28, '2546-09-15', 604.1200),
(12484, 28, '2546-09-16', 439.3600),
(12485, 28, '2546-09-17', 0.0000),
(12486, 28, '2546-09-18', 0.0000),
(12487, 28, '2546-09-19', 494.2800),
(12488, 28, '2546-09-20', 494.2800),
(12489, 28, '2546-09-21', 549.2000),
(12490, 28, '2546-09-22', 604.1200),
(12491, 28, '2546-09-23', 439.3600),
(12492, 28, '2546-09-24', 0.0000),
(12493, 28, '2546-09-25', 0.0000),
(12494, 28, '2546-09-26', 494.2800),
(12495, 28, '2546-09-27', 494.2800),
(12496, 28, '2546-09-28', 549.2000),
(12497, 28, '2546-09-29', 604.1200),
(12498, 28, '2546-09-30', 439.3600),
(12499, 28, '2546-10-01', 0.0000),
(12500, 28, '2546-10-02', 0.0000),
(12501, 28, '2546-10-03', 494.2800),
(12502, 28, '2546-10-04', 494.2800),
(12503, 28, '2546-10-05', 549.2000),
(12504, 28, '2546-10-06', 604.1200),
(12505, 28, '2546-10-07', 439.3600),
(12506, 28, '2546-10-08', 0.0000),
(12507, 28, '2546-10-09', 0.0000),
(12508, 28, '2546-10-10', 494.2800),
(12509, 28, '2546-10-11', 494.2800),
(12510, 28, '2546-10-12', 549.2000),
(12511, 28, '2546-10-13', 604.1200),
(12512, 28, '2546-10-14', 439.3600),
(12513, 28, '2546-10-15', 0.0000),
(12514, 28, '2546-10-16', 0.0000),
(12515, 28, '2546-10-17', 494.2800),
(12516, 28, '2546-10-18', 494.2800),
(12517, 28, '2546-10-19', 549.2000),
(12518, 28, '2546-10-20', 604.1200),
(12519, 28, '2546-10-21', 439.3600),
(12520, 28, '2546-10-22', 0.0000),
(12521, 28, '2546-10-23', 0.0000),
(12522, 28, '2546-10-24', 494.2800),
(12523, 28, '2546-10-25', 494.2800),
(12524, 28, '2546-10-26', 549.2000),
(12525, 28, '2546-10-27', 604.1200),
(12526, 28, '2546-10-28', 439.3600),
(12527, 28, '2546-10-29', 0.0000),
(12528, 28, '2546-10-30', 0.0000),
(12529, 28, '2546-10-31', 494.2800),
(12530, 28, '2546-11-01', 494.2800),
(12531, 28, '2546-11-02', 549.2000),
(12532, 28, '2546-11-03', 604.1200),
(12533, 28, '2546-11-04', 439.3600),
(12534, 28, '2546-11-05', 0.0000),
(12535, 28, '2546-11-06', 0.0000),
(12536, 28, '2546-11-07', 494.2800),
(12537, 28, '2546-11-08', 494.2800),
(12538, 28, '2546-11-09', 549.2000),
(12539, 28, '2546-11-10', 604.1200),
(12540, 28, '2546-11-11', 439.3600),
(12541, 28, '2546-11-12', 0.0000),
(12542, 28, '2546-11-13', 0.0000),
(12543, 28, '2546-11-14', 494.2800),
(12544, 28, '2546-11-15', 494.2800),
(12545, 28, '2546-11-16', 549.2000),
(12546, 28, '2546-11-17', 604.1200),
(12547, 28, '2546-11-18', 439.3600),
(12548, 28, '2546-11-19', 0.0000),
(12549, 28, '2546-11-20', 0.0000),
(12550, 28, '2546-11-21', 494.2800),
(12551, 28, '2546-11-22', 494.2800),
(12552, 28, '2546-11-23', 549.2000),
(12553, 28, '2546-11-24', 604.1200),
(12554, 28, '2546-11-25', 439.3600),
(12555, 28, '2546-11-26', 0.0000),
(12556, 28, '2546-11-27', 0.0000),
(12557, 28, '2546-11-28', 494.2800),
(12558, 28, '2546-11-29', 494.2800),
(12559, 28, '2546-11-30', 549.2000),
(12560, 28, '2546-12-01', 604.1200),
(12561, 28, '2546-12-02', 439.3600),
(12562, 28, '2546-12-03', 0.0000),
(12563, 28, '2546-12-04', 0.0000),
(12564, 28, '2546-12-05', 494.2800),
(12565, 28, '2546-12-06', 494.2800),
(12566, 28, '2546-12-07', 549.2000),
(12567, 28, '2546-12-08', 604.1200),
(12568, 28, '2546-12-09', 439.3600),
(12569, 28, '2546-12-10', 0.0000),
(12570, 28, '2546-12-11', 0.0000),
(12571, 28, '2546-12-12', 494.2800),
(12572, 28, '2546-12-13', 494.2800),
(12573, 28, '2546-12-14', 549.2000),
(12574, 28, '2546-12-15', 604.1200),
(12575, 28, '2546-12-16', 439.3600),
(12576, 28, '2546-12-17', 0.0000),
(12577, 28, '2546-12-18', 0.0000),
(12578, 28, '2546-12-19', 494.2800),
(12579, 28, '2546-12-20', 494.2800),
(12580, 28, '2546-12-21', 549.2000),
(12581, 28, '2546-12-22', 604.1200),
(12582, 28, '2546-12-23', 439.3600),
(12583, 28, '2546-12-24', 0.0000),
(12584, 28, '2546-12-25', 0.0000),
(12585, 28, '2546-12-26', 494.2800),
(12586, 28, '2546-12-27', 494.2800),
(12587, 28, '2546-12-28', 549.2000),
(12588, 29, '2546-08-06', 0.0000),
(12589, 29, '2546-08-07', 0.0000),
(12590, 29, '2546-08-08', 0.1600),
(12591, 29, '2546-08-09', 0.4800),
(12592, 29, '2546-08-10', 0.1600),
(12593, 29, '2546-08-11', 0.4800),
(12594, 29, '2546-08-12', 0.4800),
(12595, 29, '2546-08-13', 0.0000),
(12596, 29, '2546-08-14', 0.0000),
(12597, 29, '2546-08-15', 0.1600),
(12598, 29, '2546-08-16', 0.4800),
(12599, 29, '2546-08-17', 0.1600),
(12600, 29, '2546-08-18', 0.4800),
(12601, 29, '2546-08-19', 0.4800),
(12602, 29, '2546-08-20', 0.0000),
(12603, 29, '2546-08-21', 0.0000),
(12604, 29, '2546-08-22', 0.1600),
(12605, 29, '2546-08-23', 0.4800),
(12606, 29, '2546-08-24', 0.1600),
(12607, 29, '2546-08-25', 0.4800),
(12608, 29, '2546-08-26', 0.4800),
(12609, 29, '2546-08-27', 0.0000),
(12610, 29, '2546-08-28', 0.0000),
(12611, 29, '2546-08-29', 0.1600),
(12612, 29, '2546-08-30', 0.4800),
(12613, 29, '2546-08-31', 0.1600),
(12614, 29, '2546-09-01', 0.4800),
(12615, 29, '2546-09-02', 0.4800),
(12616, 29, '2546-09-03', 0.0000),
(12617, 29, '2546-09-04', 0.0000),
(12618, 29, '2546-09-05', 0.1600),
(12619, 29, '2546-09-06', 0.4800),
(12620, 29, '2546-09-07', 0.1600),
(12621, 29, '2546-09-08', 0.4800),
(12622, 29, '2546-09-09', 0.4800),
(12623, 29, '2546-09-10', 0.0000),
(12624, 29, '2546-09-11', 0.0000),
(12625, 29, '2546-09-12', 0.1600),
(12626, 29, '2546-09-13', 0.4800),
(12627, 29, '2546-09-14', 0.1600),
(12628, 29, '2546-09-15', 0.4800),
(12629, 29, '2546-09-16', 0.4800),
(12630, 29, '2546-09-17', 0.0000),
(12631, 29, '2546-09-18', 0.0000),
(12632, 29, '2546-09-19', 0.1600),
(12633, 29, '2546-09-20', 0.4800),
(12634, 29, '2546-09-21', 0.1600),
(12635, 29, '2546-09-22', 0.4800),
(12636, 29, '2546-09-23', 0.4800),
(12637, 29, '2546-09-24', 0.0000),
(12638, 29, '2546-09-25', 0.0000),
(12639, 29, '2546-09-26', 0.1600),
(12640, 29, '2546-09-27', 0.4800),
(12641, 29, '2546-09-28', 0.1600),
(12642, 29, '2546-09-29', 0.4800),
(12643, 29, '2546-09-30', 0.4800),
(12644, 29, '2546-10-01', 0.0000),
(12645, 29, '2546-10-02', 0.0000),
(12646, 29, '2546-10-03', 0.1600),
(12647, 29, '2546-10-04', 0.4800),
(12648, 29, '2546-10-05', 0.1600),
(12649, 29, '2546-10-06', 0.4800),
(12650, 29, '2546-10-07', 0.4800),
(12651, 29, '2546-10-08', 0.0000),
(12652, 29, '2546-10-09', 0.0000),
(12653, 29, '2546-10-10', 0.1600),
(12654, 29, '2546-10-11', 0.4800),
(12655, 29, '2546-10-12', 0.1600),
(12656, 29, '2546-10-13', 0.4800),
(12657, 29, '2546-10-14', 0.4800),
(12658, 29, '2546-10-15', 0.0000),
(12659, 29, '2546-10-16', 0.0000),
(12660, 29, '2546-10-17', 0.1600),
(12661, 29, '2546-10-18', 0.4800),
(12662, 29, '2546-10-19', 0.1600),
(12663, 29, '2546-10-20', 0.4800),
(12664, 29, '2546-10-21', 0.4800),
(12665, 29, '2546-10-22', 0.0000),
(12666, 29, '2546-10-23', 0.0000),
(12667, 29, '2546-10-24', 0.1600),
(12668, 29, '2546-10-25', 0.4800),
(12669, 29, '2546-10-26', 0.1600),
(12670, 29, '2546-10-27', 0.4800),
(12671, 29, '2546-10-28', 0.4800),
(12672, 29, '2546-10-29', 0.0000),
(12673, 29, '2546-10-30', 0.0000),
(12674, 29, '2546-10-31', 0.1600),
(12675, 29, '2546-11-01', 0.4800),
(12676, 29, '2546-11-02', 0.1600),
(12677, 29, '2546-11-03', 0.4800),
(12678, 29, '2546-11-04', 0.4800),
(12679, 29, '2546-11-05', 0.0000),
(12680, 29, '2546-11-06', 0.0000),
(12681, 29, '2546-11-07', 0.1600),
(12682, 29, '2546-11-08', 0.4800),
(12683, 29, '2546-11-09', 0.1600),
(12684, 29, '2546-11-10', 0.4800),
(12685, 29, '2546-11-11', 0.4800),
(12686, 29, '2546-11-12', 0.0000),
(12687, 29, '2546-11-13', 0.0000),
(12688, 29, '2546-11-14', 0.1600),
(12689, 29, '2546-11-15', 0.4800),
(12690, 29, '2546-11-16', 0.1600),
(12691, 29, '2546-11-17', 0.4800),
(12692, 29, '2546-11-18', 0.4800),
(12693, 29, '2546-11-19', 0.0000),
(12694, 29, '2546-11-20', 0.0000),
(12695, 29, '2546-11-21', 0.1600),
(12696, 29, '2546-11-22', 0.4800),
(12697, 29, '2546-11-23', 0.1600),
(12698, 29, '2546-11-24', 0.4800),
(12699, 29, '2546-11-25', 0.4800),
(12700, 29, '2546-11-26', 0.0000),
(12701, 29, '2546-11-27', 0.0000),
(12702, 29, '2546-11-28', 0.1600),
(12703, 29, '2546-11-29', 0.4800),
(12704, 29, '2546-11-30', 0.1600),
(12705, 29, '2546-12-01', 0.4800),
(12706, 29, '2546-12-02', 0.4800),
(12707, 29, '2546-12-03', 0.0000),
(12708, 29, '2546-12-04', 0.0000),
(12709, 29, '2546-12-05', 0.1600),
(12710, 29, '2546-12-06', 0.4800),
(12711, 29, '2546-12-07', 0.1600),
(12712, 29, '2546-12-08', 0.4800),
(12713, 29, '2546-12-09', 0.4800),
(12714, 29, '2546-12-10', 0.0000),
(12715, 29, '2546-12-11', 0.0000),
(12716, 29, '2546-12-12', 0.1600),
(12717, 29, '2546-12-13', 0.4800),
(12718, 29, '2546-12-14', 0.1600),
(12719, 29, '2546-12-15', 0.4800),
(12720, 29, '2546-12-16', 0.4800),
(12721, 29, '2546-12-17', 0.0000),
(12722, 29, '2546-12-18', 0.0000),
(12723, 29, '2546-12-19', 0.1600),
(12724, 29, '2546-12-20', 0.4800),
(12725, 29, '2546-12-21', 0.1600),
(12726, 29, '2546-12-22', 0.4800),
(12727, 29, '2546-12-23', 0.4800),
(12728, 29, '2546-12-24', 0.0000),
(12729, 29, '2546-12-25', 0.0000),
(12730, 29, '2546-12-26', 0.1600),
(12731, 29, '2546-12-27', 0.4800),
(12732, 29, '2546-12-28', 0.1600),
(12733, 30, '2546-08-06', 0.0000),
(12734, 30, '2546-08-07', 0.0000),
(12735, 30, '2546-08-08', 0.1200),
(12736, 30, '2546-08-09', 0.1800),
(12737, 30, '2546-08-10', 0.2000),
(12738, 30, '2546-08-11', 0.2000),
(12739, 30, '2546-08-12', 0.1200),
(12740, 30, '2546-08-13', 0.0000),
(12741, 30, '2546-08-14', 0.0000),
(12742, 30, '2546-08-15', 0.1200),
(12743, 30, '2546-08-16', 0.1800),
(12744, 30, '2546-08-17', 0.2000),
(12745, 30, '2546-08-18', 0.2000),
(12746, 30, '2546-08-19', 0.1200),
(12747, 30, '2546-08-20', 0.0000),
(12748, 30, '2546-08-21', 0.0000),
(12749, 30, '2546-08-22', 0.1200),
(12750, 30, '2546-08-23', 0.1800),
(12751, 30, '2546-08-24', 0.2000),
(12752, 30, '2546-08-25', 0.2000),
(12753, 30, '2546-08-26', 0.1200),
(12754, 30, '2546-08-27', 0.0000),
(12755, 30, '2546-08-28', 0.0000),
(12756, 30, '2546-08-29', 0.1200),
(12757, 30, '2546-08-30', 0.1800),
(12758, 30, '2546-08-31', 0.2000),
(12759, 30, '2546-09-01', 0.2000),
(12760, 30, '2546-09-02', 0.1200),
(12761, 30, '2546-09-03', 0.0000),
(12762, 30, '2546-09-04', 0.0000),
(12763, 30, '2546-09-05', 0.1200),
(12764, 30, '2546-09-06', 0.1800),
(12765, 30, '2546-09-07', 0.2000),
(12766, 30, '2546-09-08', 0.2000),
(12767, 30, '2546-09-09', 0.1200),
(12768, 30, '2546-09-10', 0.0000),
(12769, 30, '2546-09-11', 0.0000),
(12770, 30, '2546-09-12', 0.1200),
(12771, 30, '2546-09-13', 0.1800),
(12772, 30, '2546-09-14', 0.2000),
(12773, 30, '2546-09-15', 0.2000),
(12774, 30, '2546-09-16', 0.1200),
(12775, 30, '2546-09-17', 0.0000),
(12776, 30, '2546-09-18', 0.0000),
(12777, 30, '2546-09-19', 0.1200),
(12778, 30, '2546-09-20', 0.1800),
(12779, 30, '2546-09-21', 0.2000),
(12780, 30, '2546-09-22', 0.2000),
(12781, 30, '2546-09-23', 0.1200),
(12782, 30, '2546-09-24', 0.0000),
(12783, 30, '2546-09-25', 0.0000),
(12784, 30, '2546-09-26', 0.1200),
(12785, 30, '2546-09-27', 0.1800),
(12786, 30, '2546-09-28', 0.2000),
(12787, 30, '2546-09-29', 0.2000),
(12788, 30, '2546-09-30', 0.1200),
(12789, 30, '2546-10-01', 0.0000),
(12790, 30, '2546-10-02', 0.0000),
(12791, 30, '2546-10-03', 0.1200),
(12792, 30, '2546-10-04', 0.1800),
(12793, 30, '2546-10-05', 0.2000),
(12794, 30, '2546-10-06', 0.2000),
(12795, 30, '2546-10-07', 0.1200),
(12796, 30, '2546-10-08', 0.0000),
(12797, 30, '2546-10-09', 0.0000),
(12798, 30, '2546-10-10', 0.1200),
(12799, 30, '2546-10-11', 0.1800),
(12800, 30, '2546-10-12', 0.2000),
(12801, 30, '2546-10-13', 0.2000),
(12802, 30, '2546-10-14', 0.1200),
(12803, 30, '2546-10-15', 0.0000),
(12804, 30, '2546-10-16', 0.0000),
(12805, 30, '2546-10-17', 0.1200),
(12806, 30, '2546-10-18', 0.1800),
(12807, 30, '2546-10-19', 0.2000),
(12808, 30, '2546-10-20', 0.2000),
(12809, 30, '2546-10-21', 0.1200),
(12810, 30, '2546-10-22', 0.0000),
(12811, 30, '2546-10-23', 0.0000),
(12812, 30, '2546-10-24', 0.1200),
(12813, 30, '2546-10-25', 0.1800),
(12814, 30, '2546-10-26', 0.2000),
(12815, 30, '2546-10-27', 0.2000),
(12816, 30, '2546-10-28', 0.1200),
(12817, 30, '2546-10-29', 0.0000),
(12818, 30, '2546-10-30', 0.0000),
(12819, 30, '2546-10-31', 0.1200),
(12820, 30, '2546-11-01', 0.1800),
(12821, 30, '2546-11-02', 0.2000),
(12822, 30, '2546-11-03', 0.2000),
(12823, 30, '2546-11-04', 0.1200),
(12824, 30, '2546-11-05', 0.0000),
(12825, 30, '2546-11-06', 0.0000),
(12826, 30, '2546-11-07', 0.1200),
(12827, 30, '2546-11-08', 0.1800),
(12828, 30, '2546-11-09', 0.2000),
(12829, 30, '2546-11-10', 0.2000),
(12830, 30, '2546-11-11', 0.1200),
(12831, 30, '2546-11-12', 0.0000),
(12832, 30, '2546-11-13', 0.0000),
(12833, 30, '2546-11-14', 0.1200),
(12834, 30, '2546-11-15', 0.1800),
(12835, 30, '2546-11-16', 0.2000),
(12836, 30, '2546-11-17', 0.2000),
(12837, 30, '2546-11-18', 0.1200),
(12838, 30, '2546-11-19', 0.0000),
(12839, 30, '2546-11-20', 0.0000),
(12840, 30, '2546-11-21', 0.1200),
(12841, 30, '2546-11-22', 0.1800),
(12842, 30, '2546-11-23', 0.2000),
(12843, 30, '2546-11-24', 0.2000),
(12844, 30, '2546-11-25', 0.1200),
(12845, 30, '2546-11-26', 0.0000),
(12846, 30, '2546-11-27', 0.0000),
(12847, 30, '2546-11-28', 0.1200),
(12848, 30, '2546-11-29', 0.1800),
(12849, 30, '2546-11-30', 0.2000),
(12850, 30, '2546-12-01', 0.2000),
(12851, 30, '2546-12-02', 0.1200),
(12852, 30, '2546-12-03', 0.0000),
(12853, 30, '2546-12-04', 0.0000),
(12854, 30, '2546-12-05', 0.1200),
(12855, 30, '2546-12-06', 0.1800),
(12856, 30, '2546-12-07', 0.2000),
(12857, 30, '2546-12-08', 0.2000),
(12858, 30, '2546-12-09', 0.1200),
(12859, 30, '2546-12-10', 0.0000),
(12860, 30, '2546-12-11', 0.0000),
(12861, 30, '2546-12-12', 0.1200),
(12862, 30, '2546-12-13', 0.1800),
(12863, 30, '2546-12-14', 0.2000),
(12864, 30, '2546-12-15', 0.2000),
(12865, 30, '2546-12-16', 0.1200),
(12866, 30, '2546-12-17', 0.0000),
(12867, 30, '2546-12-18', 0.0000),
(12868, 30, '2546-12-19', 0.1200),
(12869, 30, '2546-12-20', 0.1800),
(12870, 30, '2546-12-21', 0.2000),
(12871, 30, '2546-12-22', 0.2000),
(12872, 30, '2546-12-23', 0.1200),
(12873, 30, '2546-12-24', 0.0000),
(12874, 30, '2546-12-25', 0.0000),
(12875, 30, '2546-12-26', 0.1200),
(12876, 30, '2546-12-27', 0.1800),
(12877, 30, '2546-12-28', 0.2000);

-- --------------------------------------------------------

--
-- Table structure for table `equipment`
--

CREATE TABLE `equipment` (
  `equipment_department` varchar(100) NOT NULL DEFAULT '',
  `type_name` varchar(100) NOT NULL DEFAULT '',
  `brand_electric_device` varchar(100) DEFAULT NULL,
  `spec_electric_device` mediumtext DEFAULT NULL,
  `year_electric_device` varchar(4) DEFAULT NULL,
  `warranty` int(11) DEFAULT NULL,
  `rooms_name` varchar(100) DEFAULT NULL,
  `status_name` varchar(100) NOT NULL DEFAULT '',
  `check_status_name` varchar(45) NOT NULL DEFAULT ''
) ENGINE=InnoDB DEFAULT CHARSET=utf8;

--
-- Dumping data for table `equipment`
--

INSERT INTO `equipment` (`equipment_department`, `type_name`, `brand_electric_device`, `spec_electric_device`, `year_electric_device`, `warranty`, `rooms_name`, `status_name`, `check_status_name`) VALUES
('คพ.02-012/61', 'Computer', 'HP Prodesk 400G4 MT', 'Core i7-7700 CPU 3.60GHz  3.6 GHz  RAM16  HD 1TB \r\nจอ 21.5 นิ้ว', '2561', 1657871883, 'SC6601A', 'Available', 'Not check'),
('คพ.02-014/61', 'Computer', 'HP Prodesk 400G4 MT', 'Core i7-7700 CPU 3.60GHz  3.6 GHz  RAM16  HD 1TB \r\nจอ 21.5 นิ้ว', '2561', 1657871883, 'SC6601A', 'Available', 'Not check'),
('คพ.02-015/61', 'Computer', 'HP Prodesk 400G4 MT', 'Core i7-7700 CPU 3.60GHz  3.6 GHz  RAM16  HD 1TB \r\nจอ 21.5 นิ้ว', '2561', 1657871883, 'SC6601A', 'Available', 'Not check'),
('คพ.02-016/61', 'Computer', 'HP Prodesk 400G4 MT', 'Core i7-7700 CPU 3.60GHz  3.6 GHz  RAM16  HD 1TB \r\nจอ 21.5 นิ้ว', '2561', 1657871883, 'SC6601A', 'Available', 'Not check'),
('คพ.02-017/61', 'Computer', 'HP Prodesk 400G4 MT', 'Core i7-7700 CPU 3.60GHz  3.6 GHz  RAM16  HD 1TB \r\nจอ 21.5 นิ้ว', '2561', 1657871883, 'SC6601A', 'Available', 'Not check'),
('คพ.02-018/61', 'Computer', 'HP Prodesk 400G4 MT', 'Core i7-7700 CPU 3.60GHz  3.6 GHz  RAM16  HD 1TB \r\nจอ 21.5 นิ้ว', '2561', 1657871883, 'SC6601A', 'Available', 'Not check'),
('คพ.02-019/61', 'Computer', 'HP Prodesk 400G4 MT', 'Core i7-7700 CPU 3.60GHz  3.6 GHz  RAM16  HD 1TB \r\nจอ 21.5 นิ้ว', '2561', 1657871883, 'SC6601A', 'Available', 'Not check'),
('คพ.02-020/61', 'Computer', 'HP Prodesk 400G4 MT', 'Core i7-7700 CPU 3.60GHz  3.6 GHz  RAM16  HD 1TB \r\nจอ 21.5 นิ้ว', '2561', 1657871883, 'SC6601A', 'Available', 'Not check'),
('คพ.02-021/61', 'Computer', 'HP Prodesk 400G4 MT', 'Core i7-7700 CPU 3.60GHz  3.6 GHz  RAM16  HD 1TB \r\nจอ 21.5 นิ้ว', '2561', 1657871883, 'SC6601A', 'Available', 'Not check'),
('คพ.02-022/61', 'Computer', 'HP Prodesk 400G4 MT', 'Core i7-7700 CPU 3.60GHz  3.6 GHz  RAM16  HD 1TB \r\nจอ 21.5 นิ้ว', '2561', 1657871883, 'SC6601A', 'Available', 'Not check'),
('คพ.02-023/61', 'Computer', 'HP Prodesk 400G4 MT', 'Core i7-7700 CPU 3.60GHz  3.6 GHz  RAM16  HD 1TB \r\nจอ 21.5 นิ้ว', '2561', 1657871883, 'SC6601A', 'Available', 'Not check'),
('คพ.02-024/61', 'Computer', 'HP Prodesk 400G4 MT', 'Core i7-7700 CPU 3.60GHz  3.6 GHz  RAM16  HD 1TB \r\nจอ 21.5 นิ้ว', '2561', 1657871883, 'SC6601A', 'Available', 'Not check'),
('คพ.02-025/61', 'Computer', 'HP Prodesk 400G4 MT', 'Core i7-7700 CPU 3.60GHz  3.6 GHz  RAM16  HD 1TB \r\nจอ 21.5 นิ้ว', '2561', 1657871883, 'SC6601A', 'Available', 'Not check'),
('คพ.02-026/61', 'Computer', 'HP Prodesk 400G4 MT', 'Core i7-7700 CPU 3.60GHz  3.6 GHz  RAM16  HD 1TB \r\nจอ 21.5 นิ้ว', '2561', 1657871883, 'SC6601A', 'Available', 'Not check'),
('คพ.02-027/61', 'Computer', 'HP Prodesk 400G4 MT', 'Core i7-7700 CPU 3.60GHz  3.6 GHz  RAM16  HD 1TB \r\nจอ 21.5 นิ้ว', '2561', 1657871883, 'SC6601A', 'Available', 'Not check'),
('คพ.02-028/61', 'Computer', 'HP Prodesk 400G4 MT', 'Core i7-7700 CPU 3.60GHz  3.6 GHz  RAM16  HD 1TB \r\nจอ 21.5 นิ้ว', '2561', 1657871883, 'SC6601A', 'Available', 'Not check'),
('คพ.02-029/61', 'Computer', 'HP Prodesk 400G4 MT', 'Core i7-7700 CPU 3.60GHz  3.6 GHz  RAM16  HD 1TB \r\nจอ 21.5 นิ้ว', '2561', 1657871883, 'SC6601A', 'Available', 'Not check'),
('คพ.02-030/61', 'Computer', 'HP Prodesk 400G4 MT', 'Core i7-7700 CPU 3.60GHz  3.6 GHz  RAM16  HD 1TB \r\nจอ 21.5 นิ้ว', '2561', 1657871883, 'SC6601A', 'Available', 'Not check'),
('คพ.02-031/61', 'Computer', 'HP Prodesk 400G4 MT', 'Core i7-7700 CPU 3.60GHz  3.6 GHz  RAM16  HD 1TB \r\nจอ 21.5 นิ้ว', '2561', 1657871883, 'SC6601A', 'Available', 'Not check'),
('คพ.02-032/61', 'Computer', 'HP Prodesk 400G4 MT', 'Core i7-7700 CPU 3.60GHz  3.6 GHz  RAM16  HD 1TB \r\nจอ 21.5 นิ้ว', '2561', 1657871883, 'SC6601A', 'Available', 'Not check'),
('คพ.02-033/61', 'Computer', 'HP Prodesk 400G4 MT', 'Core i7-7700 CPU 3.60GHz  3.6 GHz  RAM16  HD 1TB \r\nจอ 21.5 นิ้ว', '2561', 1657871883, 'SC6601A', 'Available', 'Not check'),
('คพ.02-034/61', 'Computer', 'HP Prodesk 400G4 MT', 'Core i7-7700 CPU 3.60GHz  3.6 GHz  RAM16  HD 1TB \r\nจอ 21.5 นิ้ว', '2561', 1657871883, 'SC6601A', 'Available', 'Not check'),
('คพ.02-035/61', 'Computer', 'HP Prodesk 400G4 MT', 'Core i7-7700 CPU 3.60GHz  3.6 GHz  RAM16  HD 1TB \r\nจอ 21.5 นิ้ว', '2561', 1657871883, 'SC6601A', 'Available', 'Not check'),
('คพ.02-036/61', 'Computer', 'HP Prodesk 400G4 MT', 'Core i7-7700 CPU 3.60GHz  3.6 GHz  RAM16  HD 1TB \r\nจอ 21.5 นิ้ว', '2561', 1657871883, 'SC6601A', 'Available', 'Not check'),
('คพ.02-037/61', 'Computer', 'HP Prodesk 400G4 MT', 'Core i7-7700 CPU 3.60GHz  3.6 GHz  RAM16  HD 1TB \r\nจอ 21.5 นิ้ว', '2561', 1657871883, 'SC6601A', 'Available', 'Not check'),
('คพ.02-038/61', 'Computer', 'HP Prodesk 400G4 MT', 'Core i7-7700 CPU 3.60GHz  3.6 GHz  RAM16  HD 1TB \r\nจอ 21.5 นิ้ว', '2561', 1657871883, 'SC6601A', 'Available', 'Not check'),
('คพ.02-039/61', 'Computer', 'HP Prodesk 400G4 MT', 'Core i7-7700 CPU 3.60GHz  3.6 GHz  RAM16  HD 1TB \r\nจอ 21.5 นิ้ว', '2561', 1657871883, 'SC6601B', 'Available', 'Not check'),
('คพ.02-040/61', 'Computer', 'MSI GL65 LEOPARD', 'Core i5-4590 Gen 4  3.3 GHz  RAM16  HD 1TB \r\nจอ 18.5 นิ้ว', '2558', 1689407858, 'SC6601B', 'Available', 'Not check'),
('คพ.02-041/61', 'Computer', 'MSI GL65 LEOPARD', 'Core i5-4590 Gen 4  3.3 GHz  RAM16  HD 1TB \r\nจอ 18.5 นิ้ว', '2558', 1689407858, 'SC6601B', 'Available', 'Not check'),
('คพ.02-042/61', 'Computer', 'MSI GL65 LEOPARD', 'Core i5-4590 Gen 4  3.3 GHz  RAM16  HD 1TB \r\nจอ 18.5 นิ้ว', '2558', 1689407858, 'SC6601B', 'Available', 'Not check'),
('คพ.02-044/61', 'Computer', 'HP Prodesk 400G4 MT', 'Core i7-7700 CPU 3.60GHz  3.6 GHz  RAM16  HD 1TB \r\nจอ 21.5 นิ้ว', '2561', 1657871883, 'SC6601B', 'Available', 'Not check'),
('คพ.02-045/61', 'Computer', 'HP Prodesk 400G4 MT', 'Core i7-7700 CPU 3.60GHz  3.6 GHz  RAM16  HD 1TB \r\nจอ 21.5 นิ้ว', '2561', 1657871883, 'SC6601C', 'Available', 'Not check'),
('คส.02-001/63', 'Projector', 'Acer', 'Projector 1080p', '2559', 1634284717, 'SC6601A', 'Available', 'Not check'),
('คส.02-002/63', 'Projector', 'Acer', 'Projector 1080p', '2559', 1634284717, 'SC6601A', 'Available', 'Not check'),
('คส.02-003/63', 'Projector', 'Acer', 'Projector 1080p', '2559', 1634284717, 'SC6601A', 'Available', 'Not check'),
('คส.02-004/63', 'Projector', 'Acer', 'Projector 1080p', '2559', 1634284717, 'SC6601C', 'Available', 'Not check'),
('คส.02-005/63', 'Projector', 'Acer', 'Projector 1080p', '2559', 1634284717, 'SC6601C', 'Borrowing', 'Not check'),
('คส.02-006/63', 'Projector', 'Acer', 'Projector 1080p', '2559', 1634284717, 'SC6601C', 'Available', 'Not check'),
('คส.02-007/63', 'Projector', 'Acer', 'Projector 1080p', '2559', 1634284717, 'SC6601B', 'Unavailable', 'Not check'),
('คส.02-008/63', 'Television', 'Sony', 'Bravia 42\" 4k', '2560', 1657871883, 'SC6601B', 'Available', 'Not check'),
('คส.02-009/63', 'Television', 'Sony', 'Bravia 42\" 4k', '2560', 1657871883, 'SC6601B', 'Available', 'Not check'),
('คส.02-010/63', 'Projector', 'Acer', 'Projector 1080p', '2559', 1634284717, 'SC6601B', 'Discharge', 'Not check'),
('คส.02-011/63', 'Television', 'Sony', 'Bravia 42\" 4k', '2560', 1657871883, 'SC6601A', 'Available', 'Not check');

-- --------------------------------------------------------

--
-- Stand-in structure for view `equipmentv`
-- (See below for the actual view)
--
CREATE TABLE `equipmentv` (
`EQUIPMENT_DEPARTMENT` varchar(100)
,`BRAND_ELECTRIC_DEVICE` varchar(100)
,`SPEC_ELECTRIC_DEVICE` mediumtext
,`YEAR_ELECTRIC_DEVICE` varchar(4)
,`WARRANTY` int(11)
,`ROOMS_NAME` varchar(100)
,`STATUS_ELECTRIC_DEVICE` int(11)
);

-- --------------------------------------------------------

--
-- Table structure for table `fix`
--

CREATE TABLE `fix` (
  `fix_id` int(11) NOT NULL,
  `content` text NOT NULL,
  `request_by` int(11) NOT NULL,
  `request_at` int(11) NOT NULL,
  `request_detail` text DEFAULT ' ',
  `repair_by` int(11) DEFAULT NULL,
  `repair_at` int(11) DEFAULT NULL,
  `feedback` int(11) DEFAULT NULL,
  `fix_photo` varchar(200) DEFAULT NULL,
  `equipment_department` varchar(100) NOT NULL,
  `location` varchar(100) NOT NULL,
  `fix_status_id` int(11) NOT NULL
) ENGINE=InnoDB DEFAULT CHARSET=utf8;

--
-- Dumping data for table `fix`
--

INSERT INTO `fix` (`fix_id`, `content`, `request_by`, `request_at`, `request_detail`, `repair_by`, `repair_at`, `feedback`, `fix_photo`, `equipment_department`, `location`, `fix_status_id`) VALUES
(1, 'ทดสอบ', 1, 1612262791, NULL, NULL, NULL, NULL, '', 'คพ.02-015/61', 'SC6601B', 1),
(2, 'แจ้งซ่อม', 1, 1612265501, NULL, NULL, NULL, NULL, '', 'คพ.02-031/61', 'SC6601A', 4),
(3, 'แจ้งซ่อม', 1, 1612265707, NULL, NULL, NULL, NULL, '3.jpg', 'คพ.02-022/61', 'SC6601A', 1),
(4, 'พัดลมเสีย', 1, 1612265866, NULL, NULL, NULL, NULL, '4.jpg', 'คพ.02-028/61', 'SC6601A', 2),
(5, 'ทดสอบ', 1, 1613122056, NULL, NULL, NULL, NULL, '5.jpg', 'คพ.02-026/61', 'SC6601A', 2),
(21, 'ทดสอบ', 1, 1613128239, NULL, NULL, NULL, NULL, '21.jpg', 'คพ.02-019/61', 'SC6601A', 3),
(44, 'แจ้งซ่อม', 1, 1613377770, '', NULL, NULL, NULL, 'No-image.png', 'คพ.02-020/61', 'SC6601B', 1),
(47, 'หกดฟหกดฟหกด', 1, 1613377905, '', NULL, NULL, NULL, '', 'คพ.02-031/61', 'SC6601B', 1),
(48, 'ทีวีเสีย', 1, 1613495878, '', NULL, NULL, NULL, '48.jpg', 'คพ.02-021/61', 'SC6601A', 1),
(49, 'คอมเปิดไม่ติด', 2, 1613497092, '', NULL, NULL, NULL, '49.jpg', 'คพ.02-029/61', 'SC6601A', 1),
(50, 'ทีวีเสีย', 2, 1613548912, '', NULL, NULL, NULL, '', 'คพ.02-027/61', 'SC6601B', 1),
(51, 'ทดสอบ', 2, 1613548946, '', NULL, NULL, NULL, '', 'คพ.02-014/61', 'SC6601B', 1),
(55, 'หกดฟหกดฟหกด', 2, 1613550584, '', NULL, NULL, NULL, 'No-image.png', 'คพ.02-016/61', 'SC6601B', 1),
(56, 'ทดสอบ', 2, 1613550627, '', NULL, NULL, NULL, '56.jpg', 'คพ.02-014/61', 'SC6601A', 1),
(57, 'adsfadsf', 2, 1613550662, '', NULL, NULL, NULL, '', 'คพ.02-023/61', 'SC6601C', 1),
(58, 'ทดสอบ2', 2, 1613551851, '', NULL, NULL, NULL, '', 'คพ.02-014/61', 'SC6601B', 1),
(59, 'หกดฟหกดฟหกด', 2, 1613551961, '', NULL, NULL, NULL, '59.jpg', 'คพ.02-015/61', 'SC6601B', 1),
(60, 'ทดสอบ', 2, 1613558436, '', NULL, NULL, NULL, 'No-image.png', 'คพ.02-015/61', 'SC6601A', 1),
(61, 'ทดสอบ', 2, 1613558465, '', NULL, NULL, NULL, 'No-image.png', 'คพ.02-015/61', 'SC6601A', 1),
(62, 'ทีวีเสีย', 2, 1613558725, 'จอเป็นเส้น', 2, 1613837584, NULL, '62.jpg', 'คพ.02-017/61', 'SC6601B', 4),
(63, 'ทีวีเสีย', 2, 1613558852, '', NULL, NULL, NULL, 'No-image.png', 'คส.02-008/63', 'SC6601B', 1),
(64, 'ทดสอบ', 2, 1613558939, '', NULL, NULL, NULL, 'No-image.png', 'คส.02-011/63', 'SC6601B', 1),
(65, 'aaa', 2, 1613559393, '', NULL, NULL, NULL, 'No-image.png', 'คพ.02-016/61', 'SC6601B', 1),
(66, 'bbb', 2, 1613559457, '', NULL, NULL, NULL, 'No-image.png', 'คพ.02-026/61', 'SC6601A', 1),
(67, 'ทีวีเสีย', 2, 1613561096, 'เป็นขีด', NULL, NULL, NULL, '67.jpg', 'คพ.02-021/61', 'SC6601C', 3),
(68, 'หกดฟหกดฟหกด', 2, 1613561588, '', NULL, NULL, NULL, '68.jpg', 'คพ.02-018/61', 'SC6601B', 1),
(69, 'หกดฟหกดฟหกด', 2, 1613561594, '', NULL, NULL, NULL, '69.jpg', 'คพ.02-018/61', 'SC6601B', 1),
(70, 'แจ้งซ่อม', 2, 1613561837, '', NULL, NULL, NULL, '70.jpg', 'คพ.02-020/61', 'SC6601B', 5),
(71, 'แจ้งซ่อม', 2, 1613562179, '', NULL, NULL, NULL, '71.jpg', 'คพ.02-020/61', 'SC6601B', 1),
(72, 'ทีวีเสีย', 2, 1613562296, '', NULL, NULL, NULL, '72.jpg', 'คพ.02-020/61', 'SC6601B', 5),
(73, 'ทีวีเสีย', 2, 1613562322, '', NULL, NULL, NULL, '73.jpg', 'คส.02-009/63', 'SC6601B', 1),
(74, 'ทดสอบ', 2, 1613562382, '', NULL, NULL, NULL, 'No-image.png', 'คพ.02-014/61', 'SC6601A', 6),
(75, 'หกดฟหกดฟหกด', 2, 1613563257, '', NULL, NULL, NULL, 'No-image.png', 'คพ.02-017/61', 'SC6601B', 1),
(76, 'ทีวีเสีย', 2, 1613563317, '', NULL, NULL, NULL, '76.jpg', 'คส.02-006/63', 'SC6601A', 1),
(79, 'ทีวีเสีย', 2, 1613614822, 'deadpixel', NULL, NULL, NULL, '79.jpg', 'คส.02-007/63', 'SC6601B', 1),
(80, 'ทดสอบ', 2, 1613825146, 'dsafasdf', NULL, NULL, NULL, 'No-image.png', 'คพ.02-018/61', 'SC6601A', 1),
(81, 'ทดสอบ', 2, 1613835944, '', NULL, NULL, NULL, 'No-image.png', 'คพ.02-017/61', 'SC6601A', 4),
(82, 'ทีวีเสีย', 2, 1613835983, '', NULL, NULL, NULL, 'No-image.png', 'คพ.02-020/61', 'SC6601A', 4);

-- --------------------------------------------------------

--
-- Table structure for table `fix_status`
--

CREATE TABLE `fix_status` (
  `fix_status_id` int(11) NOT NULL,
  `fix_status_name` varchar(100) NOT NULL
) ENGINE=InnoDB DEFAULT CHARSET=utf8;

--
-- Dumping data for table `fix_status`
--

INSERT INTO `fix_status` (`fix_status_id`, `fix_status_name`) VALUES
(1, 'รับเรื่อง'),
(2, 'กำลังดำเนินการ'),
(3, 'เสร็จสิ้น'),
(4, 'ยกเลิก'),
(5, 'ดำเนินการไม่สำเร็จ'),
(6, 'ดำเนินการล่าช้า');

-- --------------------------------------------------------

--
-- Table structure for table `img_news`
--

CREATE TABLE `img_news` (
  `img_news_id` int(7) NOT NULL,
  `name_img_news` varchar(100) NOT NULL,
  `path_img_news` varchar(255) NOT NULL,
  `type` varchar(20) DEFAULT NULL COMMENT 'ประเภท cover',
  `news_id` int(7) NOT NULL
) ENGINE=InnoDB DEFAULT CHARSET=utf8;

-- --------------------------------------------------------

--
-- Table structure for table `img_room`
--

CREATE TABLE `img_room` (
  `img_room_id` int(7) NOT NULL,
  `name_img_room` varchar(100) NOT NULL,
  `path_img_room` varchar(255) NOT NULL,
  `type` varchar(20) DEFAULT NULL,
  `rooms_id` int(5) NOT NULL
) ENGINE=InnoDB DEFAULT CHARSET=utf8;

-- --------------------------------------------------------

--
-- Table structure for table `layout`
--

CREATE TABLE `layout` (
  `layout_id` int(5) NOT NULL,
  `rowsize` int(3) DEFAULT NULL,
  `colsize` int(3) DEFAULT NULL,
  `desk` varchar(255) DEFAULT NULL,
  `walkway` varchar(255) DEFAULT NULL,
  `rooms_id` int(5) NOT NULL
) ENGINE=InnoDB DEFAULT CHARSET=utf8;

--
-- Dumping data for table `layout`
--

INSERT INTO `layout` (`layout_id`, `rowsize`, `colsize`, `desk`, `walkway`, `rooms_id`) VALUES
(1, 6, 7, '4_3,4_4', '0_2,0_5,1_2,1_5,2_2,2_5,3_2,3_5,4_2,4_5,5_2,5_3,5_4,5_5,5_6', 28),
(2, 6, 7, '4_3,4_4', '0_2,0_5,1_2,1_5,2_2,2_5,3_2,3_5,4_2,4_5,5_2,5_3,5_4,5_5,5_6', 29),
(3, 6, 7, '4_3,4_4', '0_2,0_5,1_2,1_5,2_2,2_5,3_2,3_5,4_2,4_5,5_2,5_3,5_4,5_5,5_6', 30);

-- --------------------------------------------------------

--
-- Table structure for table `migration`
--

CREATE TABLE `migration` (
  `version` varchar(180) NOT NULL,
  `apply_time` int(11) DEFAULT NULL
) ENGINE=InnoDB DEFAULT CHARSET=utf8;

--
-- Dumping data for table `migration`
--

INSERT INTO `migration` (`version`, `apply_time`) VALUES
('m000000_000000_base', 1613470883),
('m130524_201442_init', 1613470923),
('m190124_110200_add_verification_token_column_to_user_table', 1613470923);

-- --------------------------------------------------------

--
-- Table structure for table `news`
--

CREATE TABLE `news` (
  `news_id` int(7) NOT NULL,
  `title` varchar(255) NOT NULL,
  `author` varchar(100) NOT NULL,
  `crtime` datetime NOT NULL,
  `udtime` datetime NOT NULL,
  `content` text NOT NULL,
  `user_id` int(11) NOT NULL
) ENGINE=InnoDB DEFAULT CHARSET=utf8;

-- --------------------------------------------------------

--
-- Table structure for table `person`
--

CREATE TABLE `person` (
  `user_id` int(11) NOT NULL,
  `firstname` varchar(100) NOT NULL,
  `lastname` varchar(100) NOT NULL
) ENGINE=InnoDB DEFAULT CHARSET=utf8;

--
-- Dumping data for table `person`
--

INSERT INTO `person` (`user_id`, `firstname`, `lastname`) VALUES
(1, 'ผู้ดูแล', 'ระบบ'),
(2, 'พันธกานต์', 'ธีระศักดิ์วิชยา');

-- --------------------------------------------------------

--
-- Table structure for table `rooms`
--

CREATE TABLE `rooms` (
  `rooms_id` int(5) NOT NULL,
  `rooms_name` varchar(100) DEFAULT NULL,
  `rooms_floor` varchar(2) DEFAULT NULL,
  `rooms_capacity` int(4) DEFAULT NULL,
  `rooms_type_id` int(2) NOT NULL,
  `buildings_id` varchar(50) DEFAULT NULL
) ENGINE=InnoDB DEFAULT CHARSET=utf8;

--
-- Dumping data for table `rooms`
--

INSERT INTO `rooms` (`rooms_id`, `rooms_name`, `rooms_floor`, `rooms_capacity`, `rooms_type_id`, `buildings_id`) VALUES
(28, 'SC6601A', '2', 50, 2, 'SC06'),
(29, 'SC6601B', '6', 50, 2, 'SC06'),
(30, 'SC6601C', '6', 50, 2, 'SC06');

-- --------------------------------------------------------

--
-- Table structure for table `rooms_type`
--

CREATE TABLE `rooms_type` (
  `rooms_type_id` int(2) NOT NULL,
  `rooms_type_name` varchar(100) NOT NULL,
  `rooms_name_eng` varchar(100) DEFAULT NULL
) ENGINE=InnoDB DEFAULT CHARSET=utf8;

--
-- Dumping data for table `rooms_type`
--

INSERT INTO `rooms_type` (`rooms_type_id`, `rooms_type_name`, `rooms_name_eng`) VALUES
(1, 'ห้องบรรยาย', NULL),
(2, 'ห้องปฏิบัติการ', NULL),
(3, 'ห้องประชุม', NULL),
(4, 'ห้องปฏิบัติการเน็ตเวิร์ก', NULL);

-- --------------------------------------------------------

--
-- Table structure for table `room_hour`
--

CREATE TABLE `room_hour` (
  `room_hour_id` int(11) NOT NULL,
  `academic_year` int(4) NOT NULL,
  `semester` int(2) NOT NULL,
  `start_date` date NOT NULL,
  `end_date` date NOT NULL,
  `monday_hour` float(4,2) NOT NULL,
  `tuesday_hour` float(4,2) NOT NULL,
  `wednesday_hour` float(4,2) NOT NULL,
  `thursday_hour` float(4,2) NOT NULL,
  `friday_hour` float(4,2) NOT NULL,
  `saturday_hour` float(4,2) NOT NULL,
  `sunday_hour` float(4,2) NOT NULL,
  `rooms_id` int(5) NOT NULL
) ENGINE=InnoDB DEFAULT CHARSET=utf8;

--
-- Dumping data for table `room_hour`
--

INSERT INTO `room_hour` (`room_hour_id`, `academic_year`, `semester`, `start_date`, `end_date`, `monday_hour`, `tuesday_hour`, `wednesday_hour`, `thursday_hour`, `friday_hour`, `saturday_hour`, `sunday_hour`, `rooms_id`) VALUES
(318, 2540, 1, '2540-08-03', '2540-12-28', 9.00, 9.00, 10.00, 11.00, 8.00, 0.00, 0.00, 28),
(319, 2540, 1, '2540-08-03', '2540-12-28', 2.00, 6.00, 2.00, 6.00, 6.00, 0.00, 0.00, 29),
(320, 2540, 1, '2540-08-03', '2540-12-28', 6.00, 9.00, 10.00, 10.00, 6.00, 0.00, 0.00, 30),
(322, 2540, 2, '2541-01-07', '2541-05-14', 9.00, 9.00, 10.00, 11.00, 8.00, 0.00, 0.00, 28),
(323, 2540, 2, '2541-01-07', '2541-05-14', 2.00, 6.00, 2.00, 6.00, 6.00, 0.00, 0.00, 29),
(324, 2540, 2, '2541-01-07', '2541-05-14', 6.00, 9.00, 10.00, 10.00, 6.00, 0.00, 0.00, 30),
(326, 2561, 1, '2561-08-03', '2561-12-28', 9.00, 9.00, 10.00, 11.00, 8.00, 0.00, 0.00, 28),
(327, 2561, 1, '2561-08-03', '2561-12-28', 2.00, 6.00, 2.00, 6.00, 6.00, 0.00, 0.00, 29),
(328, 2561, 1, '2561-08-03', '2561-12-28', 6.00, 9.00, 10.00, 10.00, 6.00, 0.00, 0.00, 30),
(330, 2561, 2, '2561-01-03', '2561-05-28', 9.00, 9.00, 10.00, 11.00, 8.00, 0.00, 0.00, 28),
(331, 2561, 2, '2561-01-03', '2561-05-28', 2.00, 6.00, 2.00, 6.00, 6.00, 0.00, 0.00, 29),
(332, 2561, 2, '2561-01-03', '2561-05-28', 6.00, 9.00, 10.00, 10.00, 6.00, 0.00, 0.00, 30),
(334, 2561, 2, '2561-01-03', '2561-05-28', 9.00, 9.00, 10.00, 11.00, 8.00, 0.00, 0.00, 28),
(335, 2561, 2, '2561-01-03', '2561-05-28', 2.00, 6.00, 2.00, 6.00, 6.00, 0.00, 0.00, 29),
(336, 2561, 2, '2561-01-03', '2561-05-28', 6.00, 9.00, 10.00, 10.00, 6.00, 0.00, 0.00, 30),
(337, 2546, 1, '2546-08-06', '2546-12-28', 9.00, 9.00, 10.00, 11.00, 8.00, 0.00, 0.00, 28),
(338, 2546, 1, '2546-08-06', '2546-12-28', 9.00, 9.00, 10.00, 11.00, 8.00, 0.00, 0.00, 28),
(339, 2546, 1, '2546-08-06', '2546-12-28', 2.00, 6.00, 2.00, 6.00, 6.00, 0.00, 0.00, 29),
(340, 2546, 1, '2546-08-06', '2546-12-28', 6.00, 9.00, 10.00, 10.00, 6.00, 0.00, 0.00, 30);

-- --------------------------------------------------------

--
-- Table structure for table `staff_of_rooms`
--

CREATE TABLE `staff_of_rooms` (
  `person_id` int(11) NOT NULL,
  `rooms_id` int(5) NOT NULL
) ENGINE=InnoDB DEFAULT CHARSET=utf8;

-- --------------------------------------------------------

--
-- Table structure for table `status_equipment`
--

CREATE TABLE `status_equipment` (
  `status_id` int(11) NOT NULL,
  `status_name` varchar(100) NOT NULL
) ENGINE=InnoDB DEFAULT CHARSET=utf8;

--
-- Dumping data for table `status_equipment`
--

INSERT INTO `status_equipment` (`status_id`, `status_name`) VALUES
(1, 'Available'),
(2, 'Unavailable'),
(3, 'Borrowing'),
(4, 'Discharge');

-- --------------------------------------------------------

--
-- Table structure for table `template_cloud`
--

CREATE TABLE `template_cloud` (
  `id_template_cloud` int(7) NOT NULL,
  `spec_cloud` varchar(255) NOT NULL
) ENGINE=InnoDB DEFAULT CHARSET=utf8;

--
-- Dumping data for table `template_cloud`
--

INSERT INTO `template_cloud` (`id_template_cloud`, `spec_cloud`) VALUES
(1, '1) Windows 7 32 bit'),
(2, '2) Windows 7 64 bit'),
(3, '3) Windows Server 2008 32 bit'),
(4, '4) Windows Server 2008 64 bit');

-- --------------------------------------------------------

--
-- Table structure for table `type_equipment`
--

CREATE TABLE `type_equipment` (
  `type_id` int(11) NOT NULL,
  `type_name` varchar(100) NOT NULL
) ENGINE=InnoDB DEFAULT CHARSET=utf8;

--
-- Dumping data for table `type_equipment`
--

INSERT INTO `type_equipment` (`type_id`, `type_name`) VALUES
(1, 'Computer'),
(2, 'Projector'),
(3, 'Television'),
(4, 'visualizer');

-- --------------------------------------------------------

--
-- Table structure for table `user`
--

CREATE TABLE `user` (
  `id` int(11) NOT NULL,
  `username` varchar(255) COLLATE utf8_unicode_ci NOT NULL,
  `auth_key` varchar(32) COLLATE utf8_unicode_ci NOT NULL,
  `password_hash` varchar(255) COLLATE utf8_unicode_ci NOT NULL,
  `password_reset_token` varchar(255) COLLATE utf8_unicode_ci DEFAULT NULL,
  `email` varchar(255) COLLATE utf8_unicode_ci NOT NULL,
  `status` smallint(6) NOT NULL DEFAULT 10,
  `created_at` int(11) NOT NULL,
  `updated_at` int(11) NOT NULL,
  `verification_token` varchar(255) COLLATE utf8_unicode_ci DEFAULT NULL
) ENGINE=InnoDB DEFAULT CHARSET=utf8 COLLATE=utf8_unicode_ci;

--
-- Dumping data for table `user`
--

INSERT INTO `user` (`id`, `username`, `auth_key`, `password_hash`, `password_reset_token`, `email`, `status`, `created_at`, `updated_at`, `verification_token`) VALUES
(1, 'admin', 'TZckNPOzSV0EhnyVCblTKjOuG1ZiXwJl', '$2y$13$ZPCDHlC.HF05Gw8pS9m6ZOPiTr9pyh3nlXbxsZz7LgX9rHle3XCRW', NULL, 'admin@admin.com', 10, 1613470938, 1613470938, 's_uhQCUooPH28GfgbHc-3hmLw8KAjlvv_1613470938'),
(2, 'wave', 'dC6uyQbJQ4wJu5soXDn0poC3m9Qbi0AP', '$2y$13$pps3bCgn.mwPGV9QcDw2kO1XT8uPHWJVsiSBXBMhDYAolS/Z0T48C', NULL, 'wave@wave.com', 10, 1613474186, 1613474186, 'EPDpCK1yfDdlMsGIo3D3VQ4gnMw1SAql_1613474186');

-- --------------------------------------------------------

--
-- Stand-in structure for view `view_watt_computer_of_rooms`
-- (See below for the actual view)
--
CREATE TABLE `view_watt_computer_of_rooms` (
`rooms_id` int(5)
,`layout_id` int(5)
,`computer_id` int(7)
,`watt_computer` int(7)
);

-- --------------------------------------------------------

--
-- Structure for view `equipmentv`
--
DROP TABLE IF EXISTS `equipmentv`;

CREATE ALGORITHM=UNDEFINED DEFINER=`root`@`localhost` SQL SECURITY DEFINER VIEW `equipmentv`  AS  select `a`.`equipment_department` AS `EQUIPMENT_DEPARTMENT`,`f`.`brand_electric_device` AS `BRAND_ELECTRIC_DEVICE`,`f`.`spec_electric_device` AS `SPEC_ELECTRIC_DEVICE`,`f`.`year_electric_device` AS `YEAR_ELECTRIC_DEVICE`,`f`.`warranty` AS `WARRANTY`,`b`.`rooms_name` AS `ROOMS_NAME`,`a`.`status_electric_device` AS `STATUS_ELECTRIC_DEVICE` from ((((((`electric_device` `a` join `rooms` `b`) join `computer` `c`) join `layout` `d`) join `computer_to_layout` `e`) join `electric_device_detail` `f`) join `computer_detail` `g` on(`a`.`rooms_id` = `b`.`rooms_id` and `c`.`computer_id` = `e`.`computer_id` and `e`.`layout_id` = `d`.`layout_id` and `c`.`computer_detail_id` = `g`.`computer_detail_id` and `a`.`electric_device_detail_ID` = `f`.`electric_device_detail_ID`)) union select `c`.`equipment_department` AS `EQUIPMENT_DEPARTMENT`,`g`.`brand_computer` AS `BRAND_COMPUTER`,`g`.`spec_computer` AS `SPEC_COMPUTER`,`g`.`year_computer` AS `YEAR_COMPUTER`,`g`.`warranty` AS `WARRANTY`,`b`.`rooms_name` AS `ROOMS_NAME`,`c`.`status_com` AS `STATUS_COM` from ((((((`electric_device` `a` join `rooms` `b`) join `computer` `c`) join `layout` `d`) join `computer_to_layout` `e`) join `electric_device_detail` `f`) join `computer_detail` `g` on(`b`.`rooms_id` = `d`.`rooms_id` and `c`.`computer_id` = `e`.`computer_id` and `e`.`layout_id` = `d`.`layout_id` and `c`.`computer_detail_id` = `g`.`computer_detail_id` and `a`.`electric_device_detail_ID` = `f`.`electric_device_detail_ID`)) order by `EQUIPMENT_DEPARTMENT` ;

-- --------------------------------------------------------

--
-- Structure for view `view_watt_computer_of_rooms`
--
DROP TABLE IF EXISTS `view_watt_computer_of_rooms`;

CREATE ALGORITHM=UNDEFINED DEFINER=`root`@`localhost` SQL SECURITY DEFINER VIEW `view_watt_computer_of_rooms`  AS  select `rooms`.`rooms_id` AS `rooms_id`,`layout`.`layout_id` AS `layout_id`,`computer`.`computer_id` AS `computer_id`,`computer_detail`.`watt_computer` AS `watt_computer` from ((((`rooms` join `layout` on(`layout`.`rooms_id` = `rooms`.`rooms_id`)) join `computer_to_layout` on(`computer_to_layout`.`layout_id` = `layout`.`layout_id`)) join `computer` on(`computer_to_layout`.`computer_id` = `computer`.`computer_id`)) join `computer_detail` on(`computer`.`computer_detail_id` = `computer_detail`.`computer_detail_id`)) ;

--
-- Indexes for dumped tables
--

--
-- Indexes for table `base_electric`
--
ALTER TABLE `base_electric`
  ADD PRIMARY KEY (`base_electric_id`);

--
-- Indexes for table `buildings`
--
ALTER TABLE `buildings`
  ADD PRIMARY KEY (`buildings_id`);

--
-- Indexes for table `check`
--
ALTER TABLE `check`
  ADD PRIMARY KEY (`check_id`),
  ADD KEY `fk_check_user1_idx` (`count_by`),
  ADD KEY `fk_check_equipment1_idx` (`equipment_department`);

--
-- Indexes for table `check_status`
--
ALTER TABLE `check_status`
  ADD PRIMARY KEY (`check_status_id`);

--
-- Indexes for table `cloud_request`
--
ALTER TABLE `cloud_request`
  ADD PRIMARY KEY (`id_cloud_request`),
  ADD KEY `fk_cloud_request_template_cloud1_idx` (`id_template_cloud`),
  ADD KEY `fk_cloud_request_user1_idx` (`user_id`);

--
-- Indexes for table `computer`
--
ALTER TABLE `computer`
  ADD PRIMARY KEY (`computer_id`),
  ADD UNIQUE KEY `equipment_department_UNIQUE` (`equipment_department`),
  ADD KEY `fk_computer_computer_detail1_idx` (`computer_detail_id`),
  ADD KEY `fk_computer_status_equipment1_idx` (`status_com`),
  ADD KEY `fk_computer_check_status1_idx` (`check_status_id`);

--
-- Indexes for table `computer_detail`
--
ALTER TABLE `computer_detail`
  ADD PRIMARY KEY (`computer_detail_id`),
  ADD KEY `fk_computer_detail_type_equipment1_idx` (`type_id`);

--
-- Indexes for table `computer_to_layout`
--
ALTER TABLE `computer_to_layout`
  ADD UNIQUE KEY `computer_id_UNIQUE` (`computer_id`),
  ADD KEY `fk_computer_to_layout_layout1_idx` (`layout_id`),
  ADD KEY `fk_computer_to_layout_computer1_idx` (`computer_id`);

--
-- Indexes for table `electric_device`
--
ALTER TABLE `electric_device`
  ADD PRIMARY KEY (`electric_device_id`),
  ADD UNIQUE KEY `equipment_department_UNIQUE` (`equipment_department`),
  ADD KEY `fk_electric_device_rooms1_idx` (`rooms_id`),
  ADD KEY `fk_electric_device_electric_device_detail1_idx` (`electric_device_detail_ID`),
  ADD KEY `fk_electric_device_status_equipment1_idx` (`status_electric_device`),
  ADD KEY `fk_electric_device_check_status1_idx` (`check_status_id`);

--
-- Indexes for table `electric_device_detail`
--
ALTER TABLE `electric_device_detail`
  ADD PRIMARY KEY (`electric_device_detail_ID`),
  ADD KEY `fk_electric_device_detail_type_equipment1_idx` (`type_id`);

--
-- Indexes for table `electric_estimation`
--
ALTER TABLE `electric_estimation`
  ADD PRIMARY KEY (`es_id`),
  ADD KEY `fk_electric_estimation_rooms1_idx` (`rooms_id`);

--
-- Indexes for table `equipment`
--
ALTER TABLE `equipment`
  ADD PRIMARY KEY (`equipment_department`);

--
-- Indexes for table `fix`
--
ALTER TABLE `fix`
  ADD PRIMARY KEY (`fix_id`),
  ADD KEY `fk_fix_fix_status1_idx` (`fix_status_id`),
  ADD KEY `fk_fix_user2_idx` (`repair_by`),
  ADD KEY `fk_fix_equipment1_idx` (`equipment_department`),
  ADD KEY `fk_fix_user1_idx` (`request_by`);

--
-- Indexes for table `fix_status`
--
ALTER TABLE `fix_status`
  ADD PRIMARY KEY (`fix_status_id`);

--
-- Indexes for table `img_news`
--
ALTER TABLE `img_news`
  ADD PRIMARY KEY (`img_news_id`),
  ADD KEY `fk_img_news_news1_idx` (`news_id`);

--
-- Indexes for table `img_room`
--
ALTER TABLE `img_room`
  ADD PRIMARY KEY (`img_room_id`),
  ADD KEY `fk_img_room_rooms1_idx` (`rooms_id`);

--
-- Indexes for table `layout`
--
ALTER TABLE `layout`
  ADD PRIMARY KEY (`layout_id`),
  ADD UNIQUE KEY `rooms_id_UNIQUE` (`rooms_id`),
  ADD KEY `fk_layout_rooms1_idx` (`rooms_id`);

--
-- Indexes for table `migration`
--
ALTER TABLE `migration`
  ADD PRIMARY KEY (`version`);

--
-- Indexes for table `news`
--
ALTER TABLE `news`
  ADD PRIMARY KEY (`news_id`),
  ADD KEY `fk_news_user1_idx` (`user_id`);

--
-- Indexes for table `person`
--
ALTER TABLE `person`
  ADD PRIMARY KEY (`user_id`);

--
-- Indexes for table `rooms`
--
ALTER TABLE `rooms`
  ADD PRIMARY KEY (`rooms_id`),
  ADD KEY `fk_rooms_rooms_type1_idx` (`rooms_type_id`),
  ADD KEY `fk_rooms_buildings1_idx` (`buildings_id`);

--
-- Indexes for table `rooms_type`
--
ALTER TABLE `rooms_type`
  ADD PRIMARY KEY (`rooms_type_id`);

--
-- Indexes for table `room_hour`
--
ALTER TABLE `room_hour`
  ADD PRIMARY KEY (`room_hour_id`),
  ADD KEY `fk_room_hour_rooms1_idx` (`rooms_id`);

--
-- Indexes for table `staff_of_rooms`
--
ALTER TABLE `staff_of_rooms`
  ADD PRIMARY KEY (`person_id`),
  ADD KEY `fk_staff_of_rooms_rooms1_idx` (`rooms_id`);

--
-- Indexes for table `status_equipment`
--
ALTER TABLE `status_equipment`
  ADD PRIMARY KEY (`status_id`);

--
-- Indexes for table `template_cloud`
--
ALTER TABLE `template_cloud`
  ADD PRIMARY KEY (`id_template_cloud`);

--
-- Indexes for table `type_equipment`
--
ALTER TABLE `type_equipment`
  ADD PRIMARY KEY (`type_id`);

--
-- Indexes for table `user`
--
ALTER TABLE `user`
  ADD PRIMARY KEY (`id`),
  ADD UNIQUE KEY `username` (`username`),
  ADD UNIQUE KEY `email` (`email`),
  ADD UNIQUE KEY `password_reset_token` (`password_reset_token`);

--
-- AUTO_INCREMENT for dumped tables
--

--
-- AUTO_INCREMENT for table `check`
--
ALTER TABLE `check`
  MODIFY `check_id` int(11) NOT NULL AUTO_INCREMENT;

--
-- AUTO_INCREMENT for table `check_status`
--
ALTER TABLE `check_status`
  MODIFY `check_status_id` int(11) NOT NULL AUTO_INCREMENT, AUTO_INCREMENT=3;

--
-- AUTO_INCREMENT for table `electric_device`
--
ALTER TABLE `electric_device`
  MODIFY `electric_device_id` int(11) NOT NULL AUTO_INCREMENT, AUTO_INCREMENT=23;

--
-- AUTO_INCREMENT for table `electric_device_detail`
--
ALTER TABLE `electric_device_detail`
  MODIFY `electric_device_detail_ID` int(11) NOT NULL AUTO_INCREMENT, AUTO_INCREMENT=3;

--
-- AUTO_INCREMENT for table `fix`
--
ALTER TABLE `fix`
  MODIFY `fix_id` int(11) NOT NULL AUTO_INCREMENT, AUTO_INCREMENT=83;

--
-- AUTO_INCREMENT for table `fix_status`
--
ALTER TABLE `fix_status`
  MODIFY `fix_status_id` int(11) NOT NULL AUTO_INCREMENT, AUTO_INCREMENT=7;

--
-- AUTO_INCREMENT for table `status_equipment`
--
ALTER TABLE `status_equipment`
  MODIFY `status_id` int(11) NOT NULL AUTO_INCREMENT, AUTO_INCREMENT=5;

--
-- AUTO_INCREMENT for table `user`
--
ALTER TABLE `user`
  MODIFY `id` int(11) NOT NULL AUTO_INCREMENT, AUTO_INCREMENT=3;

--
-- Constraints for dumped tables
--

--
-- Constraints for table `check`
--
ALTER TABLE `check`
  ADD CONSTRAINT `fk_check_equipment1` FOREIGN KEY (`equipment_department`) REFERENCES `equipment` (`equipment_department`) ON DELETE NO ACTION ON UPDATE NO ACTION,
  ADD CONSTRAINT `fk_check_user1` FOREIGN KEY (`count_by`) REFERENCES `user` (`id`) ON DELETE NO ACTION ON UPDATE NO ACTION;

--
-- Constraints for table `cloud_request`
--
ALTER TABLE `cloud_request`
  ADD CONSTRAINT `fk_cloud_request_template_cloud1` FOREIGN KEY (`id_template_cloud`) REFERENCES `template_cloud` (`id_template_cloud`) ON DELETE NO ACTION ON UPDATE NO ACTION,
  ADD CONSTRAINT `fk_cloud_request_user1` FOREIGN KEY (`user_id`) REFERENCES `user` (`id`) ON DELETE NO ACTION ON UPDATE NO ACTION;

--
-- Constraints for table `computer`
--
ALTER TABLE `computer`
  ADD CONSTRAINT `fk_computer_check_status1` FOREIGN KEY (`check_status_id`) REFERENCES `check_status` (`check_status_id`) ON DELETE NO ACTION ON UPDATE NO ACTION,
  ADD CONSTRAINT `fk_computer_computer_detail1` FOREIGN KEY (`computer_detail_id`) REFERENCES `computer_detail` (`computer_detail_id`) ON DELETE NO ACTION ON UPDATE NO ACTION,
  ADD CONSTRAINT `fk_computer_status_equipment1` FOREIGN KEY (`status_com`) REFERENCES `status_equipment` (`status_id`) ON DELETE NO ACTION ON UPDATE NO ACTION;

--
-- Constraints for table `computer_detail`
--
ALTER TABLE `computer_detail`
  ADD CONSTRAINT `fk_computer_detail_type_equipment1` FOREIGN KEY (`type_id`) REFERENCES `type_equipment` (`type_id`) ON DELETE NO ACTION ON UPDATE NO ACTION;

--
-- Constraints for table `computer_to_layout`
--
ALTER TABLE `computer_to_layout`
  ADD CONSTRAINT `fk_computer_to_layout_computer1` FOREIGN KEY (`computer_id`) REFERENCES `computer` (`computer_id`) ON DELETE NO ACTION ON UPDATE NO ACTION,
  ADD CONSTRAINT `fk_computer_to_layout_layout1` FOREIGN KEY (`layout_id`) REFERENCES `layout` (`layout_id`) ON DELETE NO ACTION ON UPDATE NO ACTION;

--
-- Constraints for table `electric_device`
--
ALTER TABLE `electric_device`
  ADD CONSTRAINT `fk_electric_device_check_status1` FOREIGN KEY (`check_status_id`) REFERENCES `check_status` (`check_status_id`) ON DELETE NO ACTION ON UPDATE NO ACTION,
  ADD CONSTRAINT `fk_electric_device_electric_device_detail1` FOREIGN KEY (`electric_device_detail_ID`) REFERENCES `electric_device_detail` (`electric_device_detail_ID`) ON DELETE NO ACTION ON UPDATE NO ACTION,
  ADD CONSTRAINT `fk_electric_device_rooms1` FOREIGN KEY (`rooms_id`) REFERENCES `rooms` (`rooms_id`) ON DELETE NO ACTION ON UPDATE NO ACTION,
  ADD CONSTRAINT `fk_electric_device_status_equipment1` FOREIGN KEY (`status_electric_device`) REFERENCES `status_equipment` (`status_id`) ON DELETE NO ACTION ON UPDATE NO ACTION;

--
-- Constraints for table `electric_device_detail`
--
ALTER TABLE `electric_device_detail`
  ADD CONSTRAINT `fk_electric_device_detail_type_equipment1` FOREIGN KEY (`type_id`) REFERENCES `type_equipment` (`type_id`) ON DELETE NO ACTION ON UPDATE NO ACTION;

--
-- Constraints for table `electric_estimation`
--
ALTER TABLE `electric_estimation`
  ADD CONSTRAINT `fk_electric_estimation_rooms1` FOREIGN KEY (`rooms_id`) REFERENCES `rooms` (`rooms_id`) ON DELETE NO ACTION ON UPDATE NO ACTION;

--
-- Constraints for table `fix`
--
ALTER TABLE `fix`
  ADD CONSTRAINT `fk_fix_equipment1` FOREIGN KEY (`equipment_department`) REFERENCES `equipment` (`equipment_department`) ON DELETE NO ACTION ON UPDATE NO ACTION,
  ADD CONSTRAINT `fk_fix_fix_status1` FOREIGN KEY (`fix_status_id`) REFERENCES `fix_status` (`fix_status_id`) ON DELETE NO ACTION ON UPDATE NO ACTION,
  ADD CONSTRAINT `fk_fix_user1` FOREIGN KEY (`request_by`) REFERENCES `user` (`id`) ON DELETE NO ACTION ON UPDATE NO ACTION,
  ADD CONSTRAINT `fk_fix_user2` FOREIGN KEY (`repair_by`) REFERENCES `user` (`id`) ON DELETE NO ACTION ON UPDATE NO ACTION;

--
-- Constraints for table `img_news`
--
ALTER TABLE `img_news`
  ADD CONSTRAINT `fk_img_news_news1` FOREIGN KEY (`news_id`) REFERENCES `news` (`news_id`) ON DELETE NO ACTION ON UPDATE NO ACTION;

--
-- Constraints for table `img_room`
--
ALTER TABLE `img_room`
  ADD CONSTRAINT `fk_img_room_rooms1` FOREIGN KEY (`rooms_id`) REFERENCES `rooms` (`rooms_id`) ON DELETE NO ACTION ON UPDATE NO ACTION;

--
-- Constraints for table `layout`
--
ALTER TABLE `layout`
  ADD CONSTRAINT `fk_layout_rooms1` FOREIGN KEY (`rooms_id`) REFERENCES `rooms` (`rooms_id`) ON DELETE NO ACTION ON UPDATE NO ACTION;

--
-- Constraints for table `news`
--
ALTER TABLE `news`
  ADD CONSTRAINT `fk_news_user1` FOREIGN KEY (`user_id`) REFERENCES `user` (`id`) ON DELETE NO ACTION ON UPDATE NO ACTION;

--
-- Constraints for table `person`
--
ALTER TABLE `person`
  ADD CONSTRAINT `fk_table1_user1` FOREIGN KEY (`user_id`) REFERENCES `user` (`id`) ON DELETE NO ACTION ON UPDATE NO ACTION;

--
-- Constraints for table `rooms`
--
ALTER TABLE `rooms`
  ADD CONSTRAINT `fk_rooms_buildings1` FOREIGN KEY (`buildings_id`) REFERENCES `buildings` (`buildings_id`) ON DELETE NO ACTION ON UPDATE NO ACTION,
  ADD CONSTRAINT `fk_rooms_rooms_type1` FOREIGN KEY (`rooms_type_id`) REFERENCES `rooms_type` (`rooms_type_id`) ON DELETE NO ACTION ON UPDATE NO ACTION;

--
-- Constraints for table `room_hour`
--
ALTER TABLE `room_hour`
  ADD CONSTRAINT `fk_room_hour_rooms1` FOREIGN KEY (`rooms_id`) REFERENCES `rooms` (`rooms_id`) ON DELETE NO ACTION ON UPDATE NO ACTION;

--
-- Constraints for table `staff_of_rooms`
--
ALTER TABLE `staff_of_rooms`
  ADD CONSTRAINT `fk_staff_of_rooms_rooms1` FOREIGN KEY (`rooms_id`) REFERENCES `rooms` (`rooms_id`) ON DELETE NO ACTION ON UPDATE NO ACTION;
COMMIT;

/*!40101 SET CHARACTER_SET_CLIENT=@OLD_CHARACTER_SET_CLIENT */;
/*!40101 SET CHARACTER_SET_RESULTS=@OLD_CHARACTER_SET_RESULTS */;
/*!40101 SET COLLATION_CONNECTION=@OLD_COLLATION_CONNECTION */;
